State,perHoush,pct12-29,pct65up,pctUrban,pctPoverty,pctUnemploy,pctAllDivorc,pctHousOccup,persEmergShelt,persHomeless,nonViolPerPop,medIncome,pop,countyCode
NJ,3.1,21.44,11.33,100.0,1.96,2.7,4.47,98.37,11,0,1394.59,75122.0,11980.0,39
PA,2.82,21.3,17.18,100.0,3.98,2.43,5.42,97.15,0,0,1955.95,,23123.0,45
MN,2.76,40.53,12.65,0.0,29.99,9.08,9.73,92.45,2,0,9988.79,,,7
MA,2.6,27.41,14.42,100.0,4.01,4.85,7.64,95.11,0,0,1890.88,42805.0,28700.0,21
ND,2.46,35.16,8.58,100.0,13.68,4.18,8.64,95.07,125,15,4747.58,,74111.0,17
MN,2.53,25.03,14.57,0.0,6.84,3.67,7.32,96.65,0,0,2720.49,,13132.0,15
MN,2.69,25.43,10.45,100.0,6.22,4.17,9.75,94.85,0,0,5933.23,37856.0,30954.0,123
CT,2.85,27.51,9.76,96.51,2.89,4.01,8.38,96.21,8,1,3130.42,,45532.0,
MN,2.77,26.94,4.77,100.0,3.36,3.24,9.09,93.6,0,0,3131.33,51314.0,50889.0,53
NH,2.36,26.87,11.28,0.0,6.07,3.14,11.94,90.47,2,0,5461,32221.0,12183.0,9
ME,3.03,31.45,8.63,33.1,4.05,5.73,9.06,96.69,0,0,919.73,,11856.0,5
OH,2.49,25.31,15.24,100.0,16.93,8.67,12.63,94.47,0,0,4672.83,21688.0,,153
MI,2.87,32.21,7.82,100.0,26.67,14.4,17.89,93.17,132,3,6269.29,21962.0,71166.0,125
VA,2.82,25.39,11.94,74.94,17.28,7.06,11.0,92.53,0,10,5227.58,26125.0,52141.0,800
VA,2.36,22.94,17.94,0.0,15.61,5.68,13.39,93.56,17,3,7554.61,22446.0,16162.0,690
NJ,2.66,23.58,15.97,100.0,3.74,5.55,7.69,86.55,17,0,2543.13,38742.0,66473.0,29
MI,2.64,30.39,9.04,100.0,7.07,5.13,11.33,96.46,0,0,4869.53,31103.0,63891.0,81
MN,2.86,27.4,8.39,0.0,5.0,5.18,9.66,97.4,0,0,3207.26,36091.0,15440.0,37
OH,2.87,30.27,14.02,100.0,2.9,4.65,6.2,97.45,0,0,1948.46,43376.0,14790.0,35
OH,2.54,28.65,12.25,100.0,19.09,9.92,13.62,92.09,260,12,7910.25,24819.0,332943.0,95
PA,2.63,28.02,13.74,100.0,20.27,9.62,12.53,89.36,3416,1069,5253.14,24603.0,1585577.0,101
MA,2.8,28.52,12.95,100.0,4.33,3.94,6.41,96.58,196,0,2556.39,59719.0,82585.0,17
VA,2.63,29.84,14.33,100.0,16.45,5.97,11.25,92.33,47,0,4630.73,23726.0,66049.0,680
WI,2.49,25.43,14.93,100.0,11.12,6.85,10.14,95.58,0,0,3374.37,23056.0,12727.0,17
NH,2.67,32.9,12.62,0.0,8.06,6.42,10.46,94.91,1,0,4567.06,31235.0,22430.0,5
OH,2.82,21.82,14.84,73.6,8.79,5.41,8.48,97.29,4,0,3389.19,32713.0,13352.0,23
PA,2.16,23.83,18.45,100.0,12.53,6.62,11.16,93.22,0,0,3739.82,23773.0,10637.0,3
NJ,2.79,23.62,12.65,100.0,1.49,3.75,6.47,97.46,0,0,2160.1,58194.0,21160.0,39
CT,2.6,23.38,15.64,100.0,1.79,3.44,8.57,96.67,0,0,3553.11,45481.0,29208.0,3
MI,2.91,26.88,6.34,82.94,4.36,6.2,10.75,94.06,0,0,3577.58,42549.0,22608.0,125
NJ,2.94,34.05,6.76,64.02,4.35,4.1,9.3,89.49,0,0,3668.03,41944.0,23330.0,1
NH,2.51,31.18,10.56,100.0,6.68,5.12,12.53,90.85,65,0,4550.02,30591.0,25925.0,15
MA,2.76,27.85,9.99,100.0,8.02,7.31,12.32,72.07,56,0,2039.9,37683.0,,23
PA,2.29,23.8,16.44,100.0,4.13,3.05,7.8,95.86,0,0,1654.22,34644.0,17118.0,3
MI,2.52,38.26,4.7,70.5,9.33,3.78,11.31,90.07,0,0,8642.72,34639.0,17668.0,161
NJ,2.7,21.33,12.28,100.0,2.45,2.71,5.8,98.06,0,0,1032.55,62420.0,11439.0,39
MA,2.47,21.74,18.13,83.39,6.78,7.22,10.93,71.04,273,6,3277.2,33411.0,40949.0,1
NJ,2.66,26.56,14.38,100.0,3.68,4.17,7.38,92.58,5,0,2094.09,46499.0,,3
VA,2.95,31.92,4.39,100.0,3.79,3.3,11.0,92.66,7,0,4038.14,46674.0,27957.0,683
PA,2.47,23.25,18.77,97.79,6.27,3.31,9.55,96.4,0,0,3183.72,35855.0,13187.0,71
ND,2.67,38.87,7.87,100.0,14.48,5.08,8.28,94.6,70,0,5247.7,25456.0,49425.0,35
CT,2.66,34.55,10.81,100.0,21.29,9.25,12.44,90.62,1344,16,10988.76,25811.0,130474.0,9
NY,2.57,24.82,13.45,100.0,6.07,5.64,8.45,97.39,0,0,2570.42,29576.0,34989.0,63
WI,2.62,34.4,12.2,100.0,12.63,4.82,9.2,96.01,13,0,5691.4,25168.0,,139
NJ,3.68,53.13,9.15,0.0,9.64,3.21,5.92,92.91,0,0,5041.52,43092.0,12016.0,21
WI,3.13,52.12,9.81,0.0,28.82,7.56,5.29,95.24,6,0,6199.75,21392.0,13547.0,
MI,2.56,26.4,14.14,0.0,11.86,5.25,13.78,95.35,0,0,3673.66,,10130.0,149
NJ,2.82,24.91,7.36,44.04,2.43,2.94,8.64,88.97,0,0,1348.5,48889.0,,27
WI,2.79,45.62,11.04,0.0,21.61,5.96,6.76,95.57,21,0,6436.57,22194.0,23006.0,97
NJ,2.71,29.96,8.64,100.0,2.67,3.08,8.91,94.82,8,0,3647.57,49900.0,31287.0,23
OH,2.59,28.26,13.59,100.0,20.87,8.74,14.39,92.17,2,8,7742.79,21407.0,70487.0,23
MN,2.3,26.37,15.75,100.0,5.55,3.61,10.51,96.63,0,0,4805.2,32405.0,35710.0,
OH,2.58,29.7,12.58,0.0,12.69,5.93,11.46,95.39,0,0,3978.98,27148.0,22191.0,169
NJ,2.76,28.54,12.48,100.0,11.55,7.53,8.63,94.88,0,0,5188.82,33969.0,13425.0,17
MA,2.93,25.59,12.51,65.76,4.92,4.6,6.44,96.0,0,0,2074.61,40117.0,15411.0,5
WI,2.47,26.47,15.12,100.0,17.1,9.73,12.05,94.15,13,0,6766.78,20905.0,27134.0,31
MI,2.72,26.44,12.96,0.0,15.39,7.38,11.28,95.36,14,0,4272.31,29088.0,22902.0,115
OH,2.9,27.09,8.64,69.9,4.1,4.98,10.18,97.03,0,0,2078.51,35575.0,18749.0,49
PA,2.95,49.7,8.79,100.0,17.07,5.7,9.33,94.63,6,0,4402.58,31262.0,18041.0,29
NJ,2.54,29.41,9.56,100.0,5.14,4.16,10.45,89.32,51,1,5411.19,36864.0,13800.0,
RI,3.05,25.48,10.38,1.86,5.55,6.21,7.39,92.38,0,0,1153,37156.0,16230.0,7
MI,2.63,43.75,6.29,100.0,16.08,3.81,8.09,94.65,195,4,4960.52,33344.0,,161
NH,2.75,29.21,5.1,0.0,3.79,5.47,10.46,90.72,0,0,3309.49,43419.0,29603.0,15
WI,2.71,23.6,10.77,100.0,2.32,2.38,6.88,97.04,0,0,4782.25,44735.0,15128.0,79
NJ,2.81,29.54,9.09,100.0,18.18,10.87,14.53,91.24,189,25,4621.91,25655.0,58012.0,17
MI,2.61,29.26,9.58,100.0,30.58,18.29,17.92,91.78,83,11,10343.04,20176.0,140761.0,49
NJ,3.28,49.87,8.48,100.0,21.96,8.85,8.74,93.77,105,17,7502.41,28289.0,41711.0,23
PA,2.93,25.04,11.65,100.0,3.15,3.4,7.02,97.89,0,0,2008.22,44083.0,15080.0,45
NJ,2.75,26.67,14.13,100.0,9.18,5.92,12.07,93.25,26,0,3154.17,28998.0,12649.0,7
PA,2.63,22.15,14.78,100.0,2.95,3.8,5.69,98.13,0,0,1236.48,36972.0,30533.0,3
OH,2.99,28.07,6.4,47.15,8.41,5.71,10.01,97.03,0,0,1694.27,31617.0,12697.0,25
PA,2.88,29.11,12.58,100.0,25.16,12.4,14.44,88.04,113,1,8770.11,20864.0,41856.0,45
PA,2.5,28.24,15.0,100.0,19.41,8.63,14.07,91.62,172,0,7043.06,,78380.0,11
MA,2.73,24.89,14.98,95.02,7.2,7.65,7.94,94.86,0,0,4681.09,37701.0,39990.0,9
ND,2.77,28.99,5.31,100.0,7.44,4.1,9.98,96.85,0,0,3259.85,29661.0,,17
OH,2.8,23.21,12.88,100.0,5.4,5.33,7.42,97.32,0,0,2729.19,34198.0,11475.0,153
NJ,2.76,22.94,15.89,0.0,7.99,7.94,10.19,76.7,27,0,4027.78,30524.0,14771.0,9
NJ,2.56,25.55,9.28,93.19,1.99,2.55,9.21,93.9,0,0,2149.5,50843.0,30270.0,5
NJ,3.17,33.08,11.56,100.0,3.03,3.64,6.55,94.35,0,0,7311.8,64338.0,16390.0,13
VA,2.55,38.98,12.07,100.0,12.29,3.32,12.93,92.4,13,60,3471.38,26614.0,19027.0,630
MN,2.47,28.36,14.85,100.0,16.57,7.22,10.8,95.95,303,2,5198.1,23370.0,85493.0,137
MA,2.58,25.9,13.23,100.0,6.62,5.42,9.33,94.53,43,0,3174.56,39603.0,38195.0,9
CT,2.9,24.15,9.03,79.22,2.05,2.81,6.47,97.2,0,0,1968.23,50798.0,,9
MI,2.74,27.24,9.47,84.64,13.77,11.36,12.9,95.25,0,0,3470.01,30160.0,24093.0,49
NJ,2.71,20.83,10.59,90.8,1.52,2.86,7.89,95.3,0,0,1216.94,70000.0,17199.0,35
OH,2.65,27.61,12.53,0.0,14.66,10.08,13.26,94.99,8,0,5221.83,25385.0,,143
MI,2.57,27.49,10.54,0.0,9.26,4.97,8.53,95.9,17,0,2747.06,39087.0,37819.0,111
NY,2.67,26.3,13.13,100.0,11.8,7.41,11.96,95.97,112,0,5381.64,34850.0,67153.0,119
OH,2.62,27.69,11.22,0.0,8.65,1.93,13.33,96.87,0,0,4719.16,27095.0,10453.0,165
NJ,2.5,24.39,15.73,100.0,3.42,3.95,7.51,96.82,0,0,2140.89,43109.0,17084.0,31
WI,2.74,27.52,8.57,0.0,3.13,2.75,9.73,98.02,0,0,4348.07,35301.0,15333.0,25
NJ,2.83,23.03,7.24,0.0,2.31,2.46,7.12,94.03,19,0,2239.74,61524.0,15616.0,19
MI,2.45,26.82,14.42,0.0,8.7,4.19,12.44,94.6,71,0,4853.32,27373.0,15116.0,55
PA,2.6,25.2,16.15,93.23,3.65,2.17,10.35,95.8,0,0,2604.1,,15254.0,41
NJ,3.29,27.52,6.63,100.0,4.47,5.61,9.98,98.29,0,0,3459.04,47121.0,36291.0,5
NJ,2.51,27.03,12.44,100.0,5.1,4.59,8.07,96.9,0,0,1438.79,42464.0,12454.0,3
MI,2.62,24.58,11.06,67.6,11.94,8.18,13.0,95.55,0,0,5453.07,30200.0,10764.0,25
MA,2.87,23.41,11.26,95.18,2.64,5.9,6.27,96.56,27,0,2334.19,60274.0,19821.0,23
ME,2.54,28.02,12.16,100.0,9.67,4.97,11.7,95.95,0,0,4387.58,29833.0,16121.0,5
NY,2.94,30.82,9.71,100.0,26.23,11.79,13.73,90.13,160,9,5214.75,22224.0,26454.0,71
PA,2.58,21.26,17.48,0.0,7.56,5.17,7.62,96.72,0,0,1879.8,31503.0,17625.0,19
NJ,2.55,23.9,17.89,100.0,5.63,6.69,9.33,96.33,0,0,4674.45,35911.0,36701.0,39
MI,2.73,39.91,9.28,100.0,26.23,9.17,12.06,93.4,192,0,7203.5,23207.0,80277.0,77
NJ,2.81,21.73,11.98,100.0,1.79,2.99,5.66,97.18,0,0,2170.08,66760.0,28870.0,39
NJ,2.12,11.33,48.23,88.74,4.57,7.32,4.41,88.63,0,0,2016.5,23028.0,37319.0,29
NY,2.62,26.05,16.0,0.0,13.8,8.96,11.37,94.12,0,2,3702.5,22271.0,31258.0,11
MA,2.43,24.46,15.81,0.0,11.93,5.91,13.48,95.22,21,1,4102.43,26680.0,18666.0,11
CT,2.65,24.75,12.78,100.0,3.72,5.5,9.4,93.56,50,0,5457.1,44142.0,49938.0,9
MN,2.53,24.28,14.34,0.0,9.53,4.52,8.87,96.71,0,0,4852.11,27111.0,15134.0,49
ME,2.67,26.11,11.81,0.0,10.4,7.09,11.25,91.94,9,0,3322.75,27824.0,20463.0,31
OH,2.53,27.96,14.53,0.0,17.68,6.82,12.36,91.58,8,0,4920.19,20950.0,15026.0,167
RI,2.66,24.09,15.5,86.82,6.73,5.1,8.75,96.25,0,0,3360.24,32596.0,26542.0,7
WI,2.52,25.13,15.05,100.0,11.7,3.99,9.04,96.08,49,0,3809.48,25505.0,,73
PA,2.48,26.27,15.14,100.0,6.99,4.78,8.53,95.99,0,18,3105.21,32356.0,81177.0,45
NJ,2.72,24.41,15.79,100.0,3.77,5.56,6.68,97.24,0,0,3385.92,,13296.0,3
RI,2.52,33.02,11.59,100.0,12.47,5.96,12.17,85.5,41,0,8754.78,30534.0,28227.0,5
MA,2.38,29.11,14.92,100.0,6.82,6.92,8.95,94.56,61,4,3235.58,35858.0,84985.0,21
MN,2.72,30.19,2.0,100.0,2.83,3.43,9.36,94.46,0,0,3238.42,46612.0,47409.0,37
MN,3.09,25.12,2.33,100.0,2.32,3.41,7.22,96.63,0,0,2743.68,50611.0,38736.0,53
WI,2.32,24.1,15.8,0.0,6.46,4.21,11.23,96.69,10,0,3348.07,26640.0,10241.0,45
RI,2.45,27.25,14.64,100.0,10.59,7.98,11.47,93.98,8,1,5702.23,26541.0,72644.0,7
NJ,2.83,23.61,10.35,76.32,2.06,2.73,7.02,96.38,0,0,1579.65,59724.0,13812.0,27
OH,2.47,25.95,14.0,0.0,14.11,7.71,13.45,94.76,11,0,4127.54,22430.0,34507.0,45
OH,2.21,28.23,11.81,100.0,8.5,4.87,13.07,94.66,0,1,2364.17,28791.0,59718.0,35
OH,2.48,25.87,14.72,0.0,25.86,13.05,15.49,91.92,7,0,5001.84,17658.0,26778.0,119
MN,2.68,31.33,3.49,100.0,4.2,3.06,9.83,94.48,15,0,4838.22,43620.0,51288.0,37
PA,2.51,19.25,19.77,90.76,5.71,3.05,7.66,97.64,3,0,3906.01,,12636.0,11
NJ,2.6,20.17,17.23,100.0,2.38,2.93,5.81,98.03,0,0,1579.19,52126.0,10603.0,3
SD,2.55,24.07,10.16,0.0,10.19,2.4,9.64,93.93,0,0,5553.94,27373.0,12906.0,65
NJ,2.84,24.25,8.54,100.0,2.46,3.75,6.65,93.81,11,0,2796.82,65590.0,13228.0,3
OH,2.32,23.89,15.44,100.0,4.17,3.09,10.69,96.32,0,0,4198.4,34506.0,60569.0,113
WI,2.65,28.64,7.28,77.35,3.39,2.95,8.02,97.26,12,0,5596.66,39683.0,14490.0,87
NJ,2.78,24.29,14.03,100.0,3.26,4.09,5.91,97.61,0,1,1690.74,48776.0,17187.0,3
MI,2.6,26.45,7.12,100.0,3.26,3.9,10.26,93.67,0,0,4658.46,47518.0,32998.0,125
OH,2.73,27.31,10.43,0.0,15.49,7.43,13.0,97.03,13,0,5466.81,25508.0,,57
ME,2.49,27.45,14.12,100.0,7.15,4.22,10.78,95.62,6,0,5576.19,31877.0,23163.0,5
MA,2.57,24.15,14.49,100.0,4.23,4.8,7.27,96.85,0,0,1633.06,44109.0,28150.0,17
CT,2.79,21.27,14.64,79.25,2.83,4.18,6.47,97.1,64,0,2475.6,49004.0,,3
ND,2.6,27.13,12.19,0.0,14.75,4.88,7.8,90.45,2,0,2391.49,21615.0,16097.0,89
MI,2.41,26.32,14.88,100.0,13.67,5.19,15.04,94.61,0,0,6876.35,23700.0,12456.0,21
WI,2.33,28.35,8.67,100.0,5.79,2.06,11.35,96.56,0,0,3295.57,,13289.0,25
CT,2.37,23.65,13.71,97.11,3.52,4.11,10.85,89.33,98,35,1703.16,43578.0,27603.0,
NJ,2.38,21.7,20.22,100.0,3.75,2.28,9.14,97.7,0,0,4482.54,36215.0,14837.0,7
PA,2.43,27.42,11.54,100.0,27.02,10.31,17.1,87.52,191,5,7093.95,20329.0,52376.0,43
NY,2.4,29.24,13.29,100.0,25.62,11.58,12.96,89.78,284,5,8407.3,18482.0,328123.0,29
NJ,2.49,26.76,15.26,100.0,6.12,7.04,10.17,94.68,0,0,3913.02,33311.0,22355.0,3
MI,2.75,28.74,10.94,100.0,32.41,19.67,17.88,91.23,1141,170,9544.8,18742.0,1027974.0,163
MN,2.77,30.97,3.17,100.0,7.52,4.7,10.8,95.87,0,0,4379.92,40018.0,56381.0,53
MA,2.8,26.83,9.69,67.12,4.51,6.67,9.33,96.5,0,0,1921.46,36682.0,12588.0,27
NJ,2.6,25.36,12.44,95.71,6.1,3.62,9.67,96.38,0,0,2075.36,38025.0,13794.0,33
MI,2.4,26.86,13.3,100.0,12.12,8.0,15.25,95.27,0,0,6622.58,26179.0,,163
MN,2.72,26.62,3.0,100.0,3.12,3.06,8.58,93.78,0,0,3481.98,52956.0,39311.0,
CT,2.63,22.08,14.2,86.54,3.02,3.8,7.73,94.37,75,3,2326.01,,58441.0,1
PA,2.51,25.78,19.66,100.0,15.22,6.55,9.61,92.31,38,1,3274.74,21060.0,81805.0,69
PA,2.77,23.77,10.41,95.75,4.07,4.72,7.18,97.05,0,0,421.09,34978.0,10742.0,7
NJ,2.58,28.12,11.17,100.0,17.8,9.74,14.8,94.01,38,6,9360.21,27301.0,29925.0,13
SD,2.55,25.71,14.19,0.0,12.07,2.18,8.8,95.36,0,0,3518.46,21344.0,,135
NJ,2.71,24.68,10.16,100.0,3.2,4.61,8.6,92.51,15,0,4519.97,46885.0,25058.0,25
MA,4.14,39.12,2.43,0.0,3.88,1.66,5.49,94.78,0,0,116.79,47299.0,12329.0,27
NJ,2.6,24.26,12.82,100.0,6.03,5.41,10.52,96.34,20,3,6256.36,52442.0,37729.0,13
MI,2.99,34.35,10.32,100.0,12.82,5.32,8.06,94.74,50,0,5306.57,30469.0,25086.0,139
OH,2.45,18.07,16.65,100.0,1.38,1.87,7.3,97.08,0,0,2579.88,53140.0,34128.0,
MI,2.95,28.72,6.87,0.78,7.64,9.78,12.2,95.87,0,0,3038.43,34929.0,10891.0,163
MA,2.95,27.92,7.2,52.5,3.42,6.41,8.13,97.62,0,0,1461.85,,14877.0,21
NJ,2.67,30.09,5.23,85.27,2.77,3.64,9.67,93.47,0,0,1560.37,45828.0,21282.0,27
PA,2.28,24.3,18.96,0.0,8.35,3.35,11.06,95.38,0,0,4398.1,24947.0,14399.0,133
OH,2.63,21.92,13.15,100.0,2.07,3.03,7.5,93.17,0,0,1331.02,47629.0,27018.0,35
WI,2.56,18.93,19.62,100.0,4.14,2.57,8.24,95.31,0,0,7505.63,40602.0,14088.0,79
OH,2.56,25.53,14.37,100.0,14.44,8.98,12.23,94.51,15,0,4088.32,23819.0,31007.0,151
NJ,3.14,25.19,7.46,88.2,2.29,3.25,6.07,95.56,0,0,1960.97,57484.0,20429.0,27
WI,2.51,26.51,12.93,100.0,6.26,4.98,10.65,97.36,0,0,3590.24,30031.0,18659.0,79
MN,3.11,29.54,2.46,100.0,2.34,3.64,7.5,98.03,0,0,2607.86,43218.0,16849.0,53
MI,2.54,26.38,12.56,100.0,4.62,6.09,10.35,96.99,0,0,5090.9,,30771.0,163
CT,2.9,20.42,15.19,100.0,2.32,3.18,4.6,97.29,0,0,6497.31,62021.0,12830.0,9
NJ,2.76,21.53,14.4,88.97,2.91,3.03,7.51,96.43,0,0,2837.05,54834.0,16116.0,5
NJ,2.75,29.55,8.45,100.0,12.38,9.91,13.37,91.24,6,27,9811.74,30529.0,61018.0,13
NJ,2.22,37.46,10.22,100.0,16.39,6.16,10.12,86.31,77,0,7242.96,,33397.0,17
VA,2.52,23.87,14.2,100.0,5.71,3.93,10.73,96.53,19,0,5116.78,,16064.0,570
VA,2.34,28.88,9.37,91.0,6.51,3.2,12.09,94.23,0,0,6028.22,37025.0,13057.0,3
MA,2.49,27.95,13.58,0.0,7.48,5.35,11.27,94.41,0,0,1989.26,34091.0,13222.0,
NJ,2.74,26.87,11.6,100.0,3.1,4.04,7.41,95.52,0,0,2828.41,46057.0,34986.0,23
MA,2.78,22.26,13.26,100.0,2.63,3.64,5.88,96.32,0,0,1380.23,65994.0,20267.0,17
WI,2.42,24.25,16.34,0.0,11.26,7.06,10.47,96.37,0,0,5531.82,,,141
NJ,2.69,26.54,14.1,100.0,4.34,5.28,9.68,97.7,0,0,1531.36,34887.0,12603.0,7
MA,2.85,27.0,11.96,93.51,4.78,5.81,8.04,96.31,0,0,2472.72,42044.0,26777.0,21
NJ,3.42,23.75,7.35,68.35,1.77,2.67,3.92,97.07,0,0,2138.59,83975.0,11532.0,25
NJ,2.56,26.47,11.49,100.0,3.66,3.76,9.68,94.31,9,0,5737.58,41875.0,18820.0,35
PA,2.5,23.07,14.22,100.0,5.47,5.26,11.7,95.52,0,0,4424.63,,11980.0,45
CT,2.41,22.96,14.97,18.71,4.49,5.0,9.64,88.56,4,0,2707.68,39651.0,16919.0,11
MI,2.17,19.1,20.96,100.0,3.64,4.82,10.05,95.41,0,0,4002.71,,10132.0,125
NJ,3.09,27.49,7.47,68.24,7.35,5.37,9.94,92.79,114,0,2730.2,39916.0,30087.0,7
CT,2.56,26.89,13.05,100.0,7.31,5.13,11.51,93.61,29,6,4526.77,36211.0,59479.0,9
CT,2.78,22.7,9.06,0.0,1.5,2.63,6.52,96.76,0,0,1324.5,64538.0,22023.0,3
ME,2.6,29.68,13.53,0.0,11.47,6.33,10.2,87.9,0,0,5594.17,28496.0,20710.0,31
WI,2.62,24.14,14.1,0.0,3.58,2.46,8.84,96.41,0,0,2822,34061.0,10993.0,133
PA,2.58,28.31,14.58,100.0,19.3,8.85,12.17,92.75,223,0,4328.73,22032.0,108718.0,49
ME,2.51,29.35,14.32,100.0,13.95,7.5,12.19,92.43,59,0,6406.52,24051.0,39757.0,1
MI,2.74,30.18,11.21,100.0,16.12,7.35,12.35,93.64,525,13,6864.2,26809.0,189126.0,81
MI,2.62,22.47,14.02,100.0,7.23,5.11,9.03,95.92,0,0,3168.95,33646.0,21755.0,121
NY,3.07,63.26,6.66,100.0,39.35,4.9,6.35,95.45,10,0,7276.96,,29541.0,109
OH,2.96,26.64,7.07,100.0,2.75,2.55,8.08,96.99,12,0,3126.97,48137.0,29092.0,49
MA,2.54,31.87,15.06,0.0,14.33,9.86,10.93,91.65,0,0,3706.08,22100.0,16797.0,
NJ,2.32,25.66,16.04,100.0,5.18,8.03,9.45,95.69,0,0,2921.92,32332.0,10828.0,
WI,3.02,21.82,9.84,100.0,2.14,2.84,4.41,96.62,0,0,1223.96,60900.0,18885.0,89
MN,3.35,27.33,2.39,97.95,2.63,4.23,6.3,96.5,0,0,2802.7,46027.0,22935.0,163
MA,2.95,29.26,10.2,52.81,4.1,5.55,8.13,95.29,0,0,1318.76,40321.0,,27
WI,2.47,23.99,16.19,0.0,7.18,4.22,9.65,95.9,5,0,5366.7,25976.0,14196.0,27
CT,2.69,24.06,12.07,86.32,3.1,4.45,8.94,95.17,17,3,2893.5,42783.0,40822.0,9
MN,2.38,26.97,16.4,0.0,21.03,8.38,12.26,94.78,0,1,7430.45,17985.0,12353.0,35
PA,2.62,32.09,11.04,100.0,20.93,6.47,14.52,94.31,348,0,6934.07,22210.0,55551.0,71
MA,2.62,24.69,8.92,85.86,1.92,5.21,10.66,95.56,0,0,775.57,51173.0,12066.0,17
PA,2.79,28.18,16.31,73.08,7.54,5.82,5.98,96.16,23,0,2173.15,27154.0,12777.0,21
MA,2.94,23.55,15.63,100.0,3.04,4.52,4.85,97.18,0,0,1377.51,53130.0,25725.0,21
OH,2.84,30.27,5.8,100.0,5.55,5.23,11.14,94.83,0,0,5998.63,37050.0,18609.0,61
MN,2.81,47.38,9.28,0.0,25.16,5.3,6.31,95.99,82,3,6946.59,22476.0,31468.0,13
VA,2.66,31.25,8.59,100.0,14.04,5.93,12.83,91.72,96,39,5590.56,27469.0,,700
NJ,2.77,22.35,14.01,100.0,2.51,2.57,6.24,97.23,0,0,2381.26,54469.0,,39
MI,2.92,30.43,6.85,100.0,12.94,9.6,14.65,95.39,97,2,8234.94,31723.0,22897.0,163
NJ,3.0,24.16,7.98,77.01,2.3,4.36,6.45,96.23,0,0,1975.16,59834.0,20526.0,5
WI,3.05,60.14,7.42,0.0,32.74,4.36,4.28,95.53,14,0,2590.9,19635.0,10170.0,127
NJ,2.7,20.64,15.09,100.0,1.94,2.25,5.1,97.2,9,0,3601.46,83275.0,18630.0,13
RI,2.55,24.16,15.12,100.0,4.84,5.44,9.37,95.15,0,0,4252.66,35786.0,85427.0,
MA,2.98,25.95,6.43,0.0,3.98,5.47,8.09,96.58,0,0,1719.69,44492.0,10098.0,17
NJ,2.92,25.63,8.2,100.0,2.27,3.86,5.9,96.92,7,0,3321.36,58769.0,43548.0,23
WI,2.55,25.94,13.44,100.0,5.01,4.6,9.67,97.54,0,0,4217.19,31998.0,20958.0,79
CT,2.64,21.94,10.62,70.81,2.35,2.84,7.7,96.39,0,0,1908.07,57464.0,27901.0,3
WI,2.47,38.0,8.17,100.0,16.05,3.52,9.32,96.64,209,5,5118.88,29420.0,191262.0,25
MI,2.57,26.11,13.48,100.0,8.53,7.78,11.67,96.98,0,0,5030.12,30638.0,41832.0,163
NH,2.57,28.8,10.4,100.0,6.75,5.32,12.04,92.69,17,0,3071.31,,11249.0,
MI,2.91,54.0,6.14,100.0,29.47,7.5,8.85,91.74,74,0,5906.14,,24846.0,161
MA,2.84,25.77,14.6,100.0,4.1,6.7,6.81,97.74,0,2,3534.64,44734.0,33836.0,21
OH,2.56,20.98,16.77,0.0,7.46,6.74,9.89,95.74,0,0,3523.75,27688.0,11329.0,157
NJ,2.81,28.63,10.89,100.0,16.12,9.91,11.56,94.64,61,43,7568.62,27631.0,110002.0,39
MN,3.43,29.87,1.91,100.0,2.04,4.97,6.57,98.53,0,0,2833.17,46101.0,12408.0,3
NJ,3.21,31.29,8.77,100.0,18.54,11.04,12.67,95.25,252,94,6672.33,26960.0,140891.0,31
NJ,2.37,25.34,14.29,100.0,6.25,3.44,13.27,86.68,0,0,2839.83,31793.0,11216.0,1
MI,2.65,40.65,5.61,100.0,7.38,4.18,12.46,91.29,0,0,5224.08,34825.0,17076.0,125
WI,2.77,27.32,6.8,100.0,2.3,2.6,8.09,96.69,0,0,2573.19,43486.0,,131
SD,2.43,25.73,15.79,0.0,14.51,4.67,8.36,93.68,0,0,4195.95,20146.0,13798.0,35
MN,3.1,26.78,2.29,100.0,3.49,3.49,7.6,96.59,0,0,3072.56,49981.0,34598.0,37
NJ,2.63,22.63,15.9,100.0,2.51,4.58,6.5,96.74,0,0,3140.65,44672.0,11488.0,3
WI,2.75,26.42,12.1,100.0,7.67,5.09,7.47,98.0,0,0,2657,30743.0,11982.0,87
MA,2.62,29.31,9.73,100.0,5.65,6.16,10.15,93.28,66,0,1736.45,41315.0,31813.0,17
NJ,2.72,25.11,11.76,85.47,6.77,4.46,10.28,95.81,0,0,2217.57,,10266.0,5
VA,2.98,49.78,9.14,0.0,21.46,4.6,8.14,94.59,2,0,4264.75,25312.0,30707.0,660
CT,2.95,21.68,14.1,100.0,1.98,4.41,4.67,97.73,0,0,4335.25,60634.0,32016.0,1
SD,2.5,25.74,14.54,0.0,13.44,5.53,8.07,92.29,0,0,4015.12,20606.0,17592.0,29
MI,2.77,38.15,10.49,0.0,16.57,7.2,9.99,96.67,26,0,3293.16,24365.0,21977.0,103
OH,2.95,25.42,7.0,82.6,4.3,3.02,8.12,96.49,0,0,2996.93,42530.0,28199.0,25
RI,2.65,29.43,12.79,100.0,22.33,9.85,12.82,90.54,7,0,5038.73,18617.0,17637.0,7
NJ,2.27,28.47,14.77,100.0,2.77,4.89,12.43,93.41,0,0,3951.38,32955.0,19211.0,5
MN,2.71,35.24,11.49,0.0,13.02,4.37,6.41,94.69,0,0,3194.08,25392.0,12023.0,83
ME,2.55,25.93,13.12,97.28,10.91,6.69,11.77,91.75,0,0,2993.76,27493.0,24309.0,1
VA,2.59,26.17,14.86,100.0,5.16,2.39,11.55,95.34,1,4,2959.81,29047.0,23756.0,775
WI,2.51,28.94,11.22,100.0,13.39,5.42,10.54,96.62,150,1,4114.51,26770.0,,9
NJ,3.36,38.09,6.31,100.0,2.88,4.6,6.83,96.28,0,0,2631.36,50451.0,47089.0,23
MA,2.46,28.31,14.76,100.0,9.6,7.59,9.73,94.24,0,0,4253.46,,35701.0,17
MA,2.71,27.19,9.72,95.07,3.61,5.46,7.89,95.17,0,0,1354.53,45191.0,17233.0,17
NH,2.47,29.69,12.17,100.0,8.99,7.07,12.1,90.93,147,1,5388.97,31911.0,99567.0,11
PA,2.66,21.33,12.53,100.0,3.81,3.78,6.35,97.65,0,0,1243.34,41149.0,33823.0,3
MA,2.72,25.71,10.12,4.89,6.25,8.27,10.59,92.09,19,0,2172.27,37889.0,14997.0,9
MA,2.76,25.62,11.44,60.25,5.87,6.65,7.42,95.21,0,0,1004.61,40059.0,10415.0,27
MA,2.94,23.66,6.89,80.58,2.82,4.57,7.29,97.08,0,0,1335.8,57963.0,11929.0,27
OH,2.51,25.89,11.19,100.0,4.01,3.59,10.63,95.71,0,0,11021.63,38128.0,10621.0,61
PA,2.54,29.84,13.49,100.0,21.12,9.51,13.61,94.46,68,0,6255.88,20290.0,31933.0,81
VA,2.92,25.58,7.49,100.0,2.84,2.91,6.91,96.89,0,0,1491.4,43236.0,11005.0,735
WI,3.02,25.15,7.6,100.0,2.66,2.93,5.67,96.6,0,0,1217.03,,16813.0,133
MI,2.7,19.48,16.5,100.0,1.74,2.21,5.22,98.34,0,0,1960.9,55657.0,17715.0,163
WI,2.47,23.19,17.02,0.0,10.65,5.79,8.74,95.75,0,0,4975.71,24202.0,32520.0,71
MI,2.98,27.7,7.7,0.0,2.87,4.31,7.69,91.45,3,0,2306.66,47421.0,11604.0,93
MA,3.08,30.08,7.33,74.01,4.0,4.71,6.73,95.95,0,0,2241.7,50647.0,19807.0,5
NJ,2.75,24.83,17.97,97.87,16.09,7.29,8.54,91.41,101,5,5701.29,29211.0,45048.0,29
WI,2.46,28.04,11.76,100.0,9.92,4.43,11.12,96.97,0,0,4591.25,27264.0,14638.0,139
WI,2.53,23.47,11.92,100.0,4.54,1.79,8.2,95.42,0,0,3985.66,44495.0,12236.0,79
WI,2.68,30.02,8.45,100.0,6.13,3.09,10.66,96.24,13,0,3294.13,36192.0,56958.0,133
RI,3.12,31.28,11.18,83.02,4.34,4.82,6.38,97.24,0,0,1365.91,42523.0,19163.0,7
NJ,2.8,24.73,14.34,100.0,5.46,4.26,9.35,97.57,0,0,5439.81,36097.0,34738.0,7
OH,2.61,23.66,10.49,100.0,2.12,3.98,7.36,95.52,0,0,2642.98,44277.0,12551.0,173
NJ,2.47,20.6,17.98,100.0,1.73,2.54,6.58,96.36,0,0,1960.93,55248.0,13597.0,13
NY,2.48,26.73,14.94,0.0,16.3,10.35,13.08,94.08,0,1,5460.57,22955.0,12929.0,75
RI,2.83,20.91,12.62,100.0,1.8,3.98,6.07,96.36,0,0,1907.48,53058.0,15849.0,1
PA,2.8,27.11,10.46,100.0,4.15,2.91,9.52,93.13,0,0,2974.9,40216.0,15004.0,45
NJ,2.77,24.15,12.4,100.0,8.42,5.32,11.38,95.32,21,0,4592.69,46758.0,24850.0,3
OH,2.51,29.63,12.01,100.0,26.53,10.39,17.53,90.42,406,5,9465.95,19779.0,182044.0,113
PA,2.7,27.88,6.77,97.55,1.55,3.06,7.87,93.9,0,0,4043.13,50598.0,12403.0,29
NY,2.51,24.85,13.51,100.0,7.68,5.02,10.22,93.81,539,3,5410.63,44004.0,48718.0,119
MN,2.99,29.18,6.09,0.0,7.0,6.97,8.52,96.01,3,0,3511.82,37549.0,11143.0,141
NJ,2.39,26.53,14.34,100.0,6.09,3.63,11.82,95.03,0,0,4817.69,33026.0,15289.0,7
CT,3.11,24.16,7.42,58.3,2.09,4.25,5.53,96.96,0,0,1737.61,59967.0,,1
NJ,3.01,24.87,10.6,99.52,2.43,4.65,5.9,96.35,0,0,1572.73,,68183.0,25
MA,3.12,26.18,6.83,42.9,4.11,7.29,7.51,95.6,0,0,2289.04,46932.0,,23
MA,2.81,26.28,12.41,76.34,5.86,7.65,8.68,94.83,0,0,1636.64,36634.0,13371.0,27
NJ,2.78,24.06,14.09,100.0,3.34,5.04,7.04,97.39,19,0,1791,45713.0,24458.0,3
PA,2.72,26.72,18.33,96.05,4.73,2.8,6.47,97.44,0,0,3272.79,37044.0,11207.0,133
OH,2.67,25.82,13.19,100.0,7.67,6.57,9.32,94.48,0,0,5431.47,34704.0,18334.0,95
PA,2.91,22.68,11.43,69.81,3.75,5.87,4.98,97.27,0,0,3500.34,33219.0,15945.0,129
PA,2.83,22.89,13.59,100.0,2.33,2.72,3.91,97.9,0,0,2105.79,,11768.0,91
PA,2.71,19.25,17.05,90.75,2.42,2.34,6.78,96.79,0,0,2995.85,41450.0,28880.0,71
NY,2.47,31.43,10.4,100.0,23.5,8.8,15.12,92.54,294,1,10038.61,22785.0,231636.0,55
MA,2.79,32.56,10.69,100.0,17.99,10.68,10.84,91.85,182,50,7762.64,29351.0,103439.0,17
MA,2.21,18.83,27.51,99.32,9.5,7.93,9.84,60.29,12,0,4164.63,,21174.0,1
OH,2.93,21.37,9.66,100.0,2.48,2.32,5.53,96.06,0,0,1916.34,54005.0,18548.0,35
NJ,3.29,31.78,7.72,100.0,36.56,16.3,16.34,88.35,293,122,12109.83,17386.0,87492.0,7
PA,2.85,25.19,6.51,0.0,2.54,4.56,7.53,95.49,0,0,1592.89,41006.0,,19
NH,2.95,28.51,5.8,69.47,2.89,6.71,8.33,96.06,0,0,2153.53,47859.0,19530.0,11
NJ,2.83,26.78,8.07,97.18,3.47,4.49,7.65,94.64,0,0,2659.71,47482.0,56475.0,23
NJ,2.84,25.22,10.67,100.0,1.6,3.8,9.2,96.22,0,0,1337.28,53781.0,10978.0,27
VA,2.35,25.45,15.0,100.0,16.08,5.47,15.09,92.44,285,15,5007.38,22591.0,96397.0,770
NY,2.87,42.55,11.83,0.0,20.2,6.3,9.96,94.94,43,0,5117.28,22550.0,19801.0,
NY,2.61,25.74,14.86,100.0,11.03,6.48,9.21,95.42,253,10,4494.53,36376.0,188082.0,119
MI,2.95,23.78,6.89,0.0,3.23,3.55,8.24,87.13,0,0,2209.49,48481.0,13083.0,93
MN,3.58,47.34,7.68,0.0,10.89,3.05,5.59,95.82,0,0,3217.59,30613.0,14514.0,131
MN,2.47,26.35,15.06,100.0,3.71,3.56,7.68,95.4,0,0,6203.2,37862.0,33485.0,123
NY,3.19,53.37,10.44,0.0,23.4,5.3,6.63,93.38,1,0,2654.8,20628.0,13954.0,77
PA,2.45,23.42,11.0,92.67,1.8,2.32,8.45,95.83,0,0,1918.69,61144.0,28028.0,29
MA,2.48,25.76,16.57,94.41,9.27,6.53,10.45,88.85,0,0,3662.44,30067.0,16196.0,27
OH,2.65,29.62,13.69,0.0,10.69,6.44,9.55,93.94,0,0,3868.68,,18604.0,147
NJ,3.04,23.75,12.71,100.0,1.23,2.97,5.0,97.63,0,0,1773.91,60688.0,11538.0,27
NH,3.07,30.98,10.06,60.79,3.14,5.66,7.14,94.76,0,0,2260.58,42160.0,14621.0,11
MN,2.34,21.86,19.67,0.0,10.27,4.37,8.73,95.4,0,0,3748.06,22257.0,21907.0,99
PA,2.79,26.68,10.25,100.0,4.28,4.5,9.56,94.28,0,0,2778.4,40287.0,34997.0,17
PA,2.93,20.11,9.68,84.41,2.51,3.39,4.81,96.83,0,0,1549.65,53045.0,14467.0,125
VA,3.06,57.65,7.97,0.0,32.21,6.07,5.86,94.74,0,0,2627.45,19487.0,15940.0,750
RI,2.9,29.94,14.68,100.0,5.8,7.24,7.15,93.67,0,0,1736.87,34165.0,21625.0,1
NJ,2.89,22.18,11.06,100.0,2.1,3.11,5.56,96.4,8,0,1240.86,75221.0,24152.0,3
MI,2.27,19.67,24.63,100.0,4.42,4.24,8.08,97.45,0,0,14440.11,33098.0,14903.0,
VA,2.56,27.69,11.83,100.0,14.41,7.2,13.59,93.65,0,1,5299.81,,23101.0,670
MA,2.67,24.48,13.95,100.0,4.16,6.39,7.2,97.65,0,0,2121.46,,24825.0,17
MI,2.79,27.85,10.82,100.0,9.58,7.4,13.93,97.45,0,0,6088.26,31250.0,19899.0,163
MA,2.6,27.13,12.43,100.0,4.13,5.56,9.07,94.95,7,0,2813.69,,54063.0,21
MN,3.43,28.64,1.66,100.0,3.64,5.2,5.5,98.03,0,0,2907.96,46515.0,15216.0,3
WI,2.62,27.16,11.21,100.0,7.09,3.85,8.91,97.19,24,0,3807.28,32375.0,56177.0,87
MI,2.65,26.19,7.9,100.0,4.21,3.99,10.07,95.87,0,0,5240.51,39045.0,41042.0,77
NJ,2.94,24.59,12.81,0.0,5.43,5.46,7.78,84.92,0,0,1690.61,36469.0,,29
MI,2.52,27.86,12.55,0.0,15.71,12.21,13.34,96.44,0,0,3482.74,23220.0,16322.0,155
CT,2.72,28.95,10.16,100.0,5.76,5.4,9.92,92.85,65,41,5201.39,43832.0,,
MI,2.75,26.35,8.7,50.33,3.77,5.94,8.96,97.15,0,0,4083.88,43937.0,11511.0,49
OH,2.46,34.21,8.22,100.0,17.26,5.91,13.93,92.42,574,5,7860.14,26630.0,632270.0,49
MA,2.63,27.84,12.17,100.0,8.83,7.13,10.52,91.81,44,1,4499.45,36945.0,51418.0,9
MI,2.41,23.23,16.88,0.0,13.45,9.29,10.56,94.24,0,0,5340.15,20472.0,11354.0,7
VA,2.42,28.4,13.71,0.0,11.3,4.77,14.24,92.62,0,1,7368.42,26086.0,21947.0,840
MA,2.74,24.23,12.83,100.0,4.59,5.29,8.33,96.64,0,0,4886.34,43759.0,24174.0,9
OH,2.57,26.73,10.88,100.0,8.46,4.81,11.01,96.11,0,0,2464.39,36043.0,54052.0,35
MA,2.43,37.35,9.16,100.0,10.7,5.15,9.51,93.87,252,33,5843.37,33140.0,95802.0,17
NY,2.48,24.92,17.24,0.0,18.67,11.19,11.06,94.96,0,0,4533.01,20742.0,13989.0,13
PA,2.76,23.25,13.24,90.4,5.32,6.27,5.92,97.53,0,0,1386.17,32066.0,28158.0,129
CT,2.5,30.11,15.26,100.0,12.8,7.84,10.84,93.3,62,10,6652.17,30121.0,75491.0,3
PA,2.97,23.99,9.22,17.13,3.11,1.98,6.39,97.51,0,0,2090.88,44717.0,10582.0,17
MD,2.66,27.66,12.39,100.0,21.87,9.16,15.65,91.04,1144,387,9901.59,24045.0,736014.0,510
WI,2.8,29.25,12.48,0.0,10.81,3.9,8.89,97.36,19,0,3879.54,,12388.0,55
CT,2.76,24.96,15.01,91.77,3.61,4.16,6.86,95.88,22,8,3813.53,55752.0,53418.0,1
NJ,3.19,25.61,5.56,100.0,1.74,5.57,6.06,95.53,0,0,1059.59,60026.0,12623.0,31
NJ,2.44,24.97,16.34,100.0,5.72,5.57,8.24,95.66,0,1,4309.42,39822.0,45061.0,13
MN,2.72,39.16,13.71,0.0,17.15,6.14,6.8,96.41,0,0,5755.48,22497.0,25399.0,169
NJ,2.61,24.24,15.11,100.0,5.18,3.87,8.82,89.67,0,0,6964.85,51814.0,14061.0,17
MI,2.62,23.46,13.04,100.0,4.21,4.54,8.39,97.23,0,0,2024.21,41129.0,20586.0,163
NJ,3.06,23.73,12.6,100.0,2.34,4.1,4.94,97.74,0,0,2994.77,51129.0,,5
MI,2.63,17.45,15.76,100.0,1.33,2.86,5.69,97.21,0,0,2439.98,66844.0,10092.0,163
WI,2.52,23.98,14.81,0.0,9.09,4.57,7.78,95.38,0,0,2858.43,25710.0,13030.0,71
PA,2.51,24.78,16.8,100.0,18.03,8.18,10.62,91.13,43,0,2708.2,20695.0,51881.0,13
MN,2.81,25.48,4.04,100.0,2.7,4.34,10.29,97.37,0,0,1345.39,,11041.0,123
MI,2.53,29.29,12.97,100.0,11.85,8.95,14.83,94.31,73,14,5232.13,25716.0,,99
NJ,2.83,30.45,11.66,93.97,3.72,3.01,7.48,94.47,99,0,7399.16,51035.0,,21
MA,2.84,24.31,11.36,100.0,2.1,5.21,6.07,97.88,0,0,1377.95,52783.0,22539.0,17
NJ,2.35,28.69,12.87,100.0,6.99,4.35,12.11,54.83,0,0,5382.32,35989.0,,1
MA,2.85,28.78,9.6,84.31,3.26,8.24,8.14,96.91,0,0,3764.7,45165.0,25594.0,17
RI,2.5,27.93,14.29,100.0,13.92,9.35,11.19,93.77,44,0,2444.09,25363.0,43877.0,7
NJ,2.3,26.85,12.06,100.0,5.83,5.21,8.98,94.64,0,0,2253.09,39603.0,,23
RI,2.95,30.61,9.92,90.82,5.04,4.74,7.94,92.72,0,0,2133.67,35228.0,19460.0,5
MI,2.77,27.83,9.2,100.0,3.67,3.4,7.82,96.12,0,0,3496.83,,15624.0,81
OH,2.87,23.88,7.39,100.0,2.3,3.59,6.77,93.78,0,0,2084.49,50916.0,35308.0,35
MA,2.54,21.6,13.15,0.0,5.29,6.32,9.31,90.72,0,0,1988.55,42386.0,11873.0,9
MI,2.51,30.4,8.84,100.0,19.56,8.43,15.33,93.93,102,3,6197.61,26339.0,122700.0,65
MA,2.76,25.49,13.23,100.0,4.88,6.41,7.48,96.7,0,0,3229.34,,30093.0,21
OH,2.6,25.16,15.78,0.0,19.15,10.91,10.34,88.98,0,0,2449.13,21144.0,,7
MN,2.39,20.79,17.63,0.0,11.0,4.67,9.14,94.55,0,0,5759.96,24091.0,11265.0,91
MI,2.74,25.09,11.83,100.0,6.68,5.73,9.8,96.92,0,0,2064.9,39735.0,13894.0,163
OH,2.77,22.49,10.12,94.86,3.66,4.07,7.89,94.9,0,0,4376.74,47335.0,39983.0,95
NJ,3.02,27.35,8.87,97.97,1.88,4.38,7.42,93.86,0,0,3024.91,46573.0,13178.0,5
MI,2.54,28.42,12.51,100.0,24.71,11.02,17.02,93.84,44,0,5842.69,,37446.0,75
MA,3.07,22.5,7.47,90.78,1.67,4.2,5.85,97.91,0,0,1069.52,66084.0,10531.0,21
MI,2.68,28.64,11.99,100.0,35.13,18.28,18.29,92.08,0,0,12061.01,13778.0,13176.0,121
ME,2.61,33.58,14.56,0.0,16.04,7.63,11.17,93.94,0,0,5884.53,22617.0,17173.0,11
NJ,2.95,29.47,12.54,100.0,15.19,10.91,11.72,94.61,14,0,6534.41,,41967.0,23
WI,2.57,25.51,10.72,100.0,5.96,4.46,9.7,97.44,0,0,3316.51,32285.0,23219.0,139
MA,2.44,25.19,15.4,100.0,9.74,7.56,11.11,93.63,22,0,3452.56,29987.0,48622.0,3
NJ,2.91,27.24,11.35,100.0,13.81,6.97,12.19,95.66,59,2,6982.13,33527.0,10639.0,5
NJ,2.96,26.9,11.04,100.0,5.98,6.38,8.82,96.66,0,0,6080.67,41187.0,21044.0,39
NJ,2.44,22.97,19.59,100.0,3.43,4.71,6.77,88.26,0,0,2629.54,39433.0,13790.0,3
NJ,2.8,28.53,12.21,100.0,6.06,6.22,7.75,92.82,0,0,5695.64,37840.0,34874.0,17
NJ,2.57,22.74,14.07,100.0,2.62,3.06,6.92,96.14,0,0,2049.66,66464.0,19757.0,39
NJ,2.9,27.73,7.82,97.68,3.35,5.21,9.86,93.13,76,0,3708.2,41224.0,53797.0,7
NJ,2.73,21.64,13.3,100.0,3.21,3.45,6.66,97.37,0,0,4659.2,57568.0,,13
MA,2.72,27.46,10.93,73.23,4.99,6.26,8.26,95.31,0,0,751.1,,13035.0,27
MA,2.56,23.99,15.82,100.0,3.64,3.87,6.36,96.95,0,0,1342.18,53488.0,24720.0,
RI,2.7,23.98,13.33,84.62,3.73,5.4,6.38,95.96,0,0,2670.85,40683.0,29038.0,7
MI,2.36,24.76,14.81,100.0,5.83,5.77,10.94,91.61,0,0,6927.24,40579.0,75728.0,125
CT,2.55,25.03,13.1,78.51,4.56,4.71,8.73,95.35,0,0,2468.03,39864.0,14288.0,9
CT,2.51,21.5,18.84,100.0,3.63,3.96,7.19,95.58,0,0,3845.13,49642.0,,
MN,2.61,30.96,7.79,100.0,6.54,3.98,8.72,96.73,0,0,3553.58,40324.0,22207.0,123
MN,2.57,26.07,11.6,100.0,3.85,4.76,9.9,97.18,0,0,3029.39,37093.0,23788.0,53
OH,2.47,27.27,12.86,100.0,6.04,4.9,12.39,95.39,0,0,2685.53,29647.0,12038.0,61
MN,2.82,29.74,7.71,0.0,5.08,4.65,9.1,95.92,0,0,5011.39,37783.0,11739.0,139
NJ,3.07,23.77,7.79,100.0,1.53,2.99,5.66,97.21,0,0,696.61,63384.0,,3
PA,2.49,22.05,20.09,0.0,19.69,10.36,11.59,91.26,43,0,3541.16,,28334.0,73
PA,2.47,22.27,15.95,83.06,4.02,3.26,7.62,96.43,0,0,5166.28,,14369.0,133
PA,2.53,27.7,17.47,100.0,26.75,12.86,13.01,90.38,16,0,1702.05,14423.0,10687.0,7
SD,2.86,48.62,8.87,0.0,22.83,3.91,5.54,94.56,0,0,3092.01,20184.0,16270.0,11
MA,2.62,25.45,11.06,78.65,3.45,4.41,9.05,93.5,0,0,2159.59,44044.0,14133.0,27
MI,2.82,26.89,8.72,67.59,13.7,8.32,10.82,96.51,0,0,2122.79,32083.0,12747.0,145
MI,2.93,28.64,4.75,100.0,3.61,5.09,8.85,95.72,0,0,5862.24,47513.0,11631.0,163
CA,2.82,26.29,10.71,99.98,5.85,4.43,10.99,96.47,217,122,3809.32,,280039.0,81
MA,2.55,25.44,11.5,100.0,5.57,5.92,9.12,96.2,0,0,1537.58,43253.0,10325.0,17
VA,2.69,30.86,8.9,100.0,10.82,5.87,12.25,92.63,18,1,5054.1,30144.0,133793.0,650
MI,2.85,29.94,7.33,100.0,11.92,8.88,12.96,96.63,0,0,6260.61,32659.0,70811.0,163
NY,2.58,33.11,11.62,0.0,8.87,5.46,9.93,90.11,1,0,4814.15,,25001.0,91
NH,3.14,21.75,7.89,16.52,2.24,3.83,5.17,96.17,0,0,992.67,63782.0,12563.0,
WI,2.75,27.68,10.66,0.0,4.37,3.43,8.48,97.74,2,0,4516.13,34337.0,23916.0,131
OH,2.39,24.54,14.74,0.0,12.51,8.37,12.04,94.68,0,0,2735.22,22405.0,15698.0,157
OH,2.7,26.32,9.27,86.67,7.4,3.68,11.29,96.07,0,0,3842.07,34670.0,25265.0,49
NJ,2.9,21.07,17.32,100.0,3.0,3.13,6.12,98.41,0,0,2542.3,55464.0,12053.0,13
NJ,2.41,26.47,16.65,100.0,24.97,9.63,17.11,72.74,594,22,27010.77,20309.0,37986.0,1
PA,2.38,24.64,15.54,100.0,3.39,3.84,9.18,96.13,0,0,1832.19,35795.0,11712.0,45
PA,2.6,25.44,13.02,57.76,4.98,2.34,8.51,96.41,43,0,4285.48,34720.0,11999.0,71
MI,2.5,26.49,14.05,100.0,18.06,13.52,12.56,95.1,26,0,4839,21380.0,38936.0,17
RI,2.81,22.52,14.89,64.68,4.08,6.22,5.73,97.24,0,0,1995.2,41449.0,,7
NH,2.8,26.19,9.06,80.84,3.81,6.35,9.48,92.81,0,0,5796.21,,25746.0,15
CT,2.74,24.99,8.99,0.0,3.33,4.84,9.91,86.1,46,0,1732.65,45884.0,12767.0,7
MA,2.75,23.26,16.04,100.0,3.49,6.26,5.96,96.92,0,0,2015.15,36418.0,17655.0,5
MI,2.65,28.82,11.06,100.0,28.51,17.07,17.63,91.47,0,0,7401.15,17500.0,11314.0,163
MA,2.61,24.33,14.56,0.0,11.67,10.77,11.23,90.48,0,0,2975.94,27095.0,,27
NJ,2.99,27.04,8.65,59.2,3.76,5.68,7.35,93.94,0,0,4227.9,44690.0,33233.0,29
NJ,2.98,25.19,11.48,100.0,2.28,3.91,5.81,96.63,0,0,5088.28,59290.0,47025.0,31
RI,2.69,24.14,13.46,59.79,5.59,5.39,7.11,93.8,0,0,2489.71,36170.0,,5
OH,2.75,24.99,8.35,100.0,3.06,3.14,8.75,96.41,0,0,2315.53,39638.0,27702.0,153
NJ,2.25,27.33,12.89,100.0,6.97,5.79,13.16,92.99,81,0,5056.46,38976.0,37049.0,3
PA,2.66,21.33,11.93,79.95,1.08,2.8,6.97,94.9,0,0,5085.98,52193.0,12179.0,91
CT,2.79,22.0,16.12,100.0,2.45,3.69,6.43,96.85,0,0,3303,49148.0,22247.0,9
PA,2.46,27.39,15.05,100.0,12.86,6.26,12.07,93.73,100,11,6474.08,25983.0,105090.0,77
NJ,2.59,23.51,14.86,100.0,3.14,4.48,8.84,87.53,18,0,2744.13,40798.0,,29
NJ,3.06,21.65,8.92,35.17,0.73,4.11,4.48,96.04,0,0,2010.14,72369.0,10830.0,35
MA,2.24,17.97,25.87,61.47,10.56,8.65,9.96,42.71,0,0,4911.56,27900.0,,1
MA,2.68,25.18,12.85,100.0,4.6,5.31,8.24,96.25,81,0,4012.02,39800.0,47039.0,9
PA,2.37,26.36,16.07,0.0,14.61,4.84,13.64,95.2,4,0,3631.1,21619.0,24800.0,75
MI,2.48,30.5,8.91,100.0,4.98,3.43,11.16,93.33,0,0,4524.15,34324.0,37826.0,81
PA,2.28,26.14,17.24,0.0,23.2,7.39,14.39,92.86,25,0,3025.47,17391.0,15714.0,19
NJ,2.78,22.99,16.31,0.0,4.29,6.1,6.9,83.64,0,0,2719.18,37397.0,22141.0,29
CT,2.57,25.35,15.41,100.0,7.59,7.55,9.18,95.42,0,0,2952.19,34181.0,18403.0,9
RI,2.67,21.94,10.43,65.95,4.72,4.07,8.08,95.41,0,0,2377.75,50896.0,,3
OH,2.39,26.59,10.73,100.0,5.23,2.27,11.95,93.41,0,0,6072.7,36332.0,,61
VA,3.32,58.9,10.29,100.0,19.37,4.87,6.34,87.58,0,0,3689.11,25393.0,11530.0,830
OH,2.63,24.21,16.07,100.0,4.18,4.41,8.76,98.4,0,0,2181.29,32964.0,14558.0,85
PA,2.81,23.6,15.8,100.0,3.18,2.81,5.58,97.31,109,0,1110.39,48210.0,,45
NJ,2.48,26.7,13.79,100.0,14.72,8.57,13.16,84.68,0,1,7304.97,30693.0,28658.0,25
CT,2.74,22.59,12.44,22.54,2.72,3.46,7.58,95.26,0,0,1118.88,50714.0,11427.0,3
WI,2.55,36.37,13.44,100.0,21.04,6.24,9.22,95.56,25,0,5634.96,21947.0,51003.0,63
MI,2.31,24.83,14.22,100.0,4.56,4.36,11.33,97.19,76,0,3851.07,36835.0,65410.0,125
NJ,2.58,26.87,12.46,100.0,3.86,4.19,8.82,95.71,0,0,4050.74,44933.0,10982.0,31
MN,2.73,24.11,5.45,100.0,2.77,2.45,8.57,96.89,0,0,1135.78,48828.0,24587.0,123
MA,2.71,20.91,14.33,100.0,3.29,4.35,5.74,97.65,0,0,1648.7,60357.0,27557.0,21
OH,2.79,28.45,11.98,100.0,21.57,12.83,15.97,87.38,70,0,7747.54,21061.0,45549.0,3
CT,2.63,19.84,12.35,100.0,3.15,3.17,8.95,94.26,17,1,3285.04,81957.0,24410.0,1
ME,2.28,30.02,12.71,100.0,14.03,6.75,13.46,90.23,188,1,7289.29,26576.0,64358.0,5
OH,2.49,25.94,13.42,0.0,15.52,9.53,13.45,94.53,0,0,4888.35,22023.0,13496.0,33
NJ,2.93,30.55,11.16,100.0,7.64,7.19,10.81,96.23,0,4,3973.1,38822.0,15115.0,27
OH,2.63,29.18,13.81,0.0,12.13,6.47,10.96,95.16,4,0,2268.33,24536.0,20079.0,5
MN,2.43,23.1,17.19,0.0,14.86,4.36,9.06,94.34,0,0,4181.54,,12362.0,111
CT,2.87,19.73,9.26,33.65,3.02,3.83,5.99,95.6,0,0,1336.95,87686.0,15989.0,1
NJ,2.91,25.38,9.89,86.05,3.2,3.2,7.41,95.69,0,0,4004.92,42841.0,10074.0,15
SD,2.49,29.65,13.57,0.0,12.2,3.57,8.26,93.54,10,0,3358.43,,,13
CT,2.51,21.17,13.14,76.4,2.61,3.47,8.53,94.9,7,0,4071.35,52979.0,20608.0,3
NJ,2.81,26.81,5.75,90.52,2.24,2.47,8.85,94.68,0,0,2321.27,51676.0,35309.0,5
WI,2.69,29.94,5.78,100.0,5.22,3.59,8.49,97.36,0,0,4888,,16376.0,9
RI,3.32,39.37,10.09,0.0,6.95,5.25,6.7,75.75,11,0,1776.18,36481.0,24631.0,9
CT,2.58,26.0,11.86,100.0,6.29,5.08,9.86,94.73,132,18,5005.64,49787.0,108056.0,1
MN,2.67,31.73,5.84,100.0,5.98,4.93,11.03,96.25,0,0,3843.81,37117.0,12541.0,123
NJ,2.59,20.42,15.35,100.0,2.8,1.78,6.74,96.54,0,0,3366.83,56585.0,11628.0,7
MN,2.4,22.84,18.15,100.0,5.0,4.55,9.87,97.61,0,0,5020.45,33107.0,14396.0,53
CT,2.56,26.36,11.33,100.0,5.2,4.69,10.29,94.84,121,7,4981.58,48171.0,78331.0,1
OH,2.36,29.98,12.22,100.0,24.34,7.84,14.85,91.28,989,23,7194.74,21006.0,364040.0,61
MA,3.57,34.89,7.15,49.98,4.74,6.22,9.66,95.46,0,0,1106.39,41933.0,21249.0,23
NY,2.48,26.41,14.11,0.0,14.45,7.44,12.01,95.09,0,0,4450.68,25000.0,24426.0,63
MI,2.4,29.64,14.04,98.8,11.91,5.34,11.13,93.85,6,0,4356.7,28070.0,20976.0,77
CT,2.6,26.02,13.3,100.0,3.04,4.62,9.62,96.53,0,6,2214.86,43593.0,12358.0,3
MA,2.77,23.43,9.34,0.0,9.32,3.76,9.95,95.91,0,0,1722.24,,10579.0,15
NJ,2.53,27.15,13.45,100.0,3.34,5.37,8.23,96.92,0,0,2489.79,43365.0,12805.0,39
MA,2.9,24.36,11.73,94.74,1.72,2.78,7.68,97.33,0,0,1039.19,57561.0,12996.0,17
CT,2.77,23.91,7.73,0.0,0.93,4.18,9.34,89.66,0,0,1507.54,48000.0,10428.0,7
MN,2.57,26.52,11.29,100.0,7.07,5.37,10.19,95.84,0,0,8480.43,34168.0,28887.0,53
NJ,2.48,21.51,20.18,0.0,8.82,7.71,8.85,65.96,0,0,3373.53,26668.0,20820.0,9
NJ,2.41,28.07,12.82,100.0,7.27,5.03,13.02,95.06,62,1,5615.18,42748.0,16189.0,27
NJ,3.17,26.63,6.48,85.43,2.78,3.36,8.37,96.83,0,0,2851.13,43673.0,10940.0,7
MA,2.83,25.84,8.71,100.0,2.55,5.31,7.3,96.94,0,0,2689.58,53971.0,32383.0,17
NJ,2.92,27.2,12.72,100.0,10.91,7.2,11.5,95.83,117,20,7276.73,30733.0,54780.0,11
NJ,2.79,24.48,14.42,94.69,4.92,5.01,7.66,76.73,96,0,3743.02,40704.0,76371.0,29
OH,3.12,26.36,10.17,100.0,3.6,2.94,5.73,97.81,0,0,2429.14,41726.0,30250.0,61
NJ,2.86,24.31,5.19,60.22,1.33,3.46,7.54,96.81,0,0,1443.33,59069.0,28808.0,35
NJ,2.32,24.38,17.04,100.0,4.63,5.86,8.39,89.5,0,2,1675.9,,20393.0,3
ME,4.31,63.35,5.89,92.61,21.14,4.86,4.68,91.29,0,0,1283.26,27922.0,10573.0,19
MI,2.6,24.32,15.59,100.0,5.5,5.89,8.82,97.88,0,0,4708.85,36771.0,60838.0,163
MA,2.89,21.48,13.28,100.0,2.25,3.51,4.64,96.98,0,0,1982.88,63203.0,15467.0,13
NJ,2.66,20.02,18.45,100.0,2.94,3.76,5.63,97.74,0,0,1885.47,49658.0,30548.0,3
PA,2.44,24.95,11.65,96.05,2.8,2.06,9.87,95.06,0,0,3549.73,37783.0,39162.0,
ME,2.48,30.69,11.85,100.0,14.98,5.78,14.05,93.22,51,0,4842.49,24674.0,33181.0,19
NJ,3.19,24.83,8.19,89.6,0.79,4.7,5.23,95.38,0,0,2054.58,74825.0,15600.0,27
PA,2.72,23.91,9.47,95.84,2.75,2.64,8.09,96.53,0,0,2151.58,48547.0,14167.0,91
MI,2.89,29.87,7.0,100.0,2.81,5.15,7.26,95.5,0,0,2684.16,47930.0,48655.0,99
MA,2.84,31.62,14.06,97.23,4.39,3.37,7.75,94.4,0,0,1469.48,38694.0,16685.0,15
NY,2.42,27.31,17.16,100.0,21.73,9.39,11.35,91.1,178,0,5608.18,19950.0,68637.0,65
MI,2.86,20.41,10.22,100.0,2.56,2.1,7.14,97.03,0,0,2495.15,60355.0,10807.0,81
OH,2.6,26.83,12.18,0.0,10.3,7.78,12.41,95.11,4,0,2363.96,,,77
OH,2.56,26.52,12.76,100.0,16.84,7.94,14.36,94.6,73,0,6883.65,22886.0,61368.0,17
MA,2.28,17.94,25.83,0.0,5.57,8.97,8.05,54.11,0,0,2717.09,28259.0,10275.0,1
NJ,3.11,39.34,9.77,100.0,14.31,8.11,8.77,92.26,7,0,5133.34,,,15
MA,2.59,21.29,16.26,100.0,3.87,4.36,6.45,93.35,0,0,3147.7,50191.0,,9
NY,2.4,35.77,13.02,100.0,18.31,6.09,10.8,91.17,395,10,6316.12,25152.0,101082.0,1
NJ,3.01,31.88,8.51,100.0,26.34,14.71,14.0,89.34,1974,842,10942.54,21650.0,275221.0,13
NJ,2.7,28.16,10.2,100.0,17.71,11.76,17.06,93.87,340,20,7166.95,26810.0,73552.0,13
VA,2.61,27.11,13.6,100.0,20.3,8.45,15.65,90.95,10,10,6682.63,21309.0,38386.0,730
RI,2.73,34.52,11.91,100.0,22.96,9.18,11.37,88.19,240,43,9460.97,22147.0,160728.0,7
NJ,2.59,21.71,14.18,100.0,2.9,3.14,7.56,96.84,0,0,2699.81,53226.0,12804.0,23
RI,2.53,23.92,15.67,86.85,7.16,5.21,9.43,93.9,0,0,3167.46,31637.0,,1
VA,2.45,24.34,15.47,0.0,11.39,4.82,13.08,95.77,0,0,4198.13,26668.0,18549.0,820
MA,2.78,29.28,12.39,100.0,8.0,5.15,8.87,95.53,40,0,2878.05,33498.0,38372.0,13
MI,2.53,25.39,14.0,0.0,15.52,12.11,13.6,93.09,0,0,5913.72,21170.0,10104.0,165
MA,2.37,24.76,15.62,100.0,4.63,4.47,7.0,96.9,0,0,1346.39,43309.0,44630.0,17
NJ,2.92,22.83,7.45,0.0,1.9,3.85,6.44,91.27,0,0,1366.51,63032.0,15157.0,37
CT,2.56,22.59,18.16,100.0,3.54,4.97,8.62,95.82,3,3,4374.02,41745.0,49389.0,1
MN,2.57,27.14,10.19,100.0,6.51,4.28,9.83,96.73,0,0,3173.04,36096.0,21853.0,53
PA,2.77,27.96,6.12,0.0,2.7,2.96,10.04,95.4,0,0,2351.27,35005.0,,133
MI,2.6,24.15,10.41,88.61,3.48,3.6,8.84,94.44,0,0,2724.32,,13604.0,21
NJ,2.82,28.21,15.37,100.0,3.31,3.82,8.0,96.68,0,0,5063.33,43191.0,34185.0,21
PA,2.58,24.35,15.45,100.0,6.6,3.75,10.31,96.52,0,0,6706.01,33817.0,,43
NJ,2.94,24.45,17.52,100.0,3.09,3.91,5.82,96.92,0,0,4908.45,46309.0,10177.0,31
NJ,2.94,21.71,13.53,100.0,1.01,2.03,4.75,99.0,0,0,2473.33,65920.0,10422.0,13
RI,2.78,24.46,11.74,79.53,4.85,5.7,9.02,94.92,0,0,2379.35,37230.0,31083.0,3
MI,2.79,24.43,7.69,100.0,2.83,3.19,7.13,96.21,0,0,4279.66,55407.0,72884.0,125
PA,2.6,22.72,14.95,57.58,10.86,10.57,7.67,93.53,0,0,3451.9,,11224.0,129
NY,2.75,22.13,12.61,100.0,3.85,2.55,6.38,96.65,0,0,1962.62,69695.0,14936.0,119
NJ,2.55,24.45,17.73,100.0,3.87,4.55,7.42,92.53,0,0,3498.37,41000.0,18262.0,3
MA,2.51,36.91,11.08,100.0,11.47,6.33,8.04,95.38,54,1,3348.43,32455.0,76210.0,17
CT,2.84,24.14,10.81,100.0,2.5,4.44,6.95,95.94,0,0,1514.7,49965.0,35418.0,1
NJ,2.55,26.02,13.76,100.0,9.49,7.69,10.91,89.17,24,1,4128.14,,48414.0,17
GA,2.72,30.25,9.92,96.78,18.63,7.16,14.31,92.89,258,18,5857.78,24056.0,179278.0,215
MN,2.59,24.28,9.07,100.0,2.06,3.65,9.01,92.88,0,0,3092.32,50659.0,48370.0,53
RI,2.53,24.59,16.6,100.0,6.79,5.57,9.67,95.88,0,0,2939.22,31007.0,,7
CT,2.53,23.03,13.23,89.17,2.61,3.09,9.32,95.52,0,0,3269.63,46970.0,12286.0,7
MI,2.7,20.08,12.47,100.0,1.42,2.08,5.61,95.02,0,0,2955.73,84441.0,,125
RI,2.59,24.23,16.87,100.0,6.52,5.96,9.69,96.18,84,0,3413.65,34528.0,76060.0,7
CT,2.46,28.41,10.57,96.72,5.32,3.5,11.0,95.21,15,0,2263.52,40543.0,29841.0,13
MI,2.65,27.64,9.91,100.0,5.65,6.03,10.03,95.64,12,0,3384.14,39215.0,85866.0,99
CT,2.54,24.4,17.14,95.82,4.36,3.83,7.71,94.95,28,0,3987.64,41814.0,52434.0,9
MN,3.17,28.27,2.22,100.0,3.03,3.86,7.89,96.87,0,0,2726.98,44920.0,,37
WI,2.48,26.19,14.1,0.0,8.08,4.82,8.03,96.97,2,0,3910.87,26771.0,18859.0,141
MI,3.87,67.67,7.13,0.0,44.45,11.35,4.9,91.8,0,0,4523.53,14990.0,12603.0,107
VA,2.92,38.6,9.63,100.0,19.32,6.1,12.87,90.6,253,29,8027.25,23563.0,261229.0,710
CT,2.71,29.69,12.13,100.0,17.07,10.62,12.62,91.44,201,12,8455.77,28704.0,141686.0,
WI,2.66,26.69,8.32,100.0,5.21,2.91,9.13,96.87,0,0,5552.95,32624.0,11284.0,63
MI,2.82,26.0,9.36,96.23,1.58,3.19,10.29,94.1,0,0,2872.72,55465.0,17313.0,163
MN,2.43,22.36,17.76,0.0,11.62,9.37,9.53,94.99,0,0,3927.98,23381.0,18310.0,47
PA,2.87,23.35,10.28,90.09,2.88,2.87,6.28,96.52,0,0,2675.85,42235.0,16425.0,95
WI,2.69,27.95,11.95,100.0,12.73,7.8,11.97,95.9,61,0,5063.63,27770.0,80352.0,59
NJ,2.99,23.64,5.2,0.0,3.32,2.85,4.41,92.01,5,0,2641.81,76907.0,,21
VA,2.44,23.77,16.83,100.0,18.96,8.71,13.8,93.2,61,0,3850.44,20413.0,53056.0,590
NJ,2.64,22.36,16.38,100.0,4.14,4.03,6.95,97.15,25,0,3897.9,49777.0,39103.0,13
NJ,2.94,33.74,11.91,100.0,3.74,3.51,6.2,97.05,12,0,1609.44,56478.0,15850.0,
MA,2.25,28.82,12.82,100.0,8.61,4.8,8.56,96.07,16,0,3738,,54718.0,21
MA,2.78,22.69,11.62,84.67,3.91,4.75,8.0,86.4,3,0,1243.63,52044.0,16786.0,23
NJ,2.61,27.07,6.37,0.0,2.82,3.37,9.55,94.43,14,0,1915.21,,22353.0,21
MN,2.57,27.38,11.91,0.0,7.43,3.23,7.85,94.1,3,0,4356.06,29492.0,11523.0,85
PA,2.32,21.0,21.69,100.0,9.08,4.06,8.61,95.18,0,0,3087.94,25482.0,14507.0,79
PA,2.63,26.39,16.83,100.0,10.36,8.35,11.29,95.53,0,0,4256.3,26265.0,10405.0,17
MI,2.73,29.43,12.76,100.0,26.51,11.24,16.25,92.2,61,2,10715.77,18748.0,40283.0,121
NJ,2.1,19.08,18.28,100.0,5.99,4.77,9.25,90.44,0,0,3378.53,46395.0,31997.0,3
MI,2.63,22.96,13.45,84.78,6.61,5.11,9.68,96.86,12,0,1354.21,,21130.0,75
MA,2.48,23.6,13.82,100.0,7.53,6.75,10.9,88.22,45,0,2631.94,32690.0,28716.0,9
MN,2.94,26.77,4.46,100.0,3.74,3.36,8.18,93.39,0,0,2872.06,45489.0,11482.0,139
OH,2.27,22.91,21.31,100.0,5.48,4.01,9.28,98.4,0,0,3614.35,26818.0,11706.0,35
CT,2.43,24.43,16.51,0.0,5.24,5.1,9.89,91.57,5,0,2903.31,35230.0,33687.0,5
MI,2.82,27.9,8.56,80.26,23.38,14.01,13.7,95.31,0,0,5090.38,26634.0,25198.0,49
OH,2.52,26.01,14.41,100.0,21.86,11.23,15.06,91.58,38,0,7475.25,19807.0,84161.0,151
OH,2.74,23.31,13.43,100.0,4.52,4.96,7.56,97.75,0,0,3264.87,,10332.0,93
PA,3.01,34.17,10.3,89.11,1.75,3.42,6.14,97.84,0,0,1443.94,43598.0,13347.0,41
PA,2.46,24.29,17.79,0.0,15.36,7.2,10.15,92.27,0,1,1906.19,,16603.0,107
WI,2.56,26.68,10.53,100.0,8.27,5.85,11.16,96.38,32,0,6512.56,31583.0,52133.0,105
PA,2.79,24.9,10.12,99.87,1.98,2.23,6.97,95.31,0,0,2974.44,51265.0,18082.0,29
MI,2.51,25.41,15.09,100.0,9.73,8.07,12.12,96.08,0,0,2917,28312.0,30938.0,163
CT,2.96,25.13,11.05,63.39,1.81,5.82,6.67,95.2,0,0,2718.1,48507.0,13700.0,9
NJ,2.56,27.0,13.72,100.0,5.19,5.16,8.82,95.13,0,0,4077.64,38507.0,34213.0,13
OH,2.58,24.97,16.57,100.0,29.04,15.6,13.89,90.77,113,0,6833.44,,95706.0,99
CT,2.81,23.56,7.13,86.1,1.43,2.31,7.43,97.59,0,0,1777.07,57606.0,22090.0,3
NJ,2.55,26.05,14.87,100.0,10.88,6.47,11.38,93.15,12,1,2059.4,27289.0,15757.0,41
OH,2.54,23.92,18.08,100.0,5.89,5.9,9.25,96.02,0,0,2742.17,28694.0,31739.0,35
NJ,2.36,33.32,7.85,100.0,7.82,6.25,14.09,93.14,0,0,5151.53,31793.0,18734.0,7
NJ,2.67,26.19,13.53,100.0,5.31,7.62,10.66,96.28,0,0,3032.21,40431.0,20314.0,39
MN,2.92,39.82,9.44,100.0,19.89,5.69,6.91,96.11,50,0,4927.66,24265.0,32295.0,27
WI,2.62,18.06,12.65,100.0,1.15,1.96,6.41,98.21,0,0,2397.74,53539.0,14272.0,79
NJ,2.72,29.09,11.95,100.0,12.03,8.58,14.65,87.19,0,0,5524.15,30037.0,,1
NJ,2.82,28.1,13.81,0.0,25.11,9.96,13.78,94.16,17,0,8005.85,21897.0,18942.0,11
PA,2.89,23.45,7.27,72.27,3.81,1.97,6.85,97.0,0,0,1190.8,45262.0,,91
NY,2.75,28.07,12.34,0.0,13.83,6.63,12.3,92.77,127,2,5244.23,30194.0,24160.0,71
PA,2.77,25.53,13.38,68.13,7.47,6.24,8.07,93.86,0,0,2422.37,25500.0,12381.0,13
IL,2.72,29.66,10.76,100.0,21.62,11.32,12.99,90.48,5180,1584,7604.09,26301.0,2783726.0,31
MI,2.5,24.39,16.12,0.0,9.61,5.59,10.95,91.45,0,0,5901.92,28989.0,11951.0,139
CT,2.87,29.53,9.21,0.0,6.76,7.86,9.88,93.52,0,0,1239.16,34588.0,14363.0,15
WI,2.95,20.09,11.49,100.0,1.15,2.25,4.16,97.43,0,0,3823.66,,35184.0,133
MI,2.59,25.51,9.42,40.12,6.52,4.53,11.46,96.4,0,0,2506.06,35828.0,10448.0,
MN,2.66,29.13,8.23,0.0,6.33,3.17,7.35,97.28,0,1,2712.57,32073.0,10164.0,103
VA,2.38,29.11,13.66,100.0,20.89,6.43,15.77,90.65,287,3,9371.69,,203056.0,760
NJ,2.65,23.08,19.36,100.0,3.89,4.56,6.78,97.66,15,0,5287.25,42665.0,50024.0,39
MN,2.9,24.38,3.97,97.03,2.52,3.5,8.39,91.86,0,0,3177.25,51014.0,20075.0,163
MI,2.56,30.0,9.63,100.0,7.11,6.26,12.67,95.93,0,0,4550.97,34995.0,84724.0,163
WI,2.61,22.21,13.64,79.48,4.52,4.04,7.82,96.35,0,0,3425.98,,20084.0,101
MN,2.53,21.26,14.84,100.0,4.26,2.91,8.39,96.96,40,0,3048.63,46212.0,,53
PA,2.8,17.59,17.06,84.98,1.79,2.65,6.21,97.49,0,0,4485.25,43968.0,18261.0,77
NJ,3.03,21.76,12.56,100.0,1.36,2.55,3.87,98.64,0,0,3457.98,74401.0,26609.0,13
PA,2.89,27.62,7.34,86.31,2.23,3.88,8.36,94.3,0,0,2108.75,47284.0,12169.0,17
NY,2.52,33.6,12.86,100.0,22.7,8.17,12.15,90.83,405,52,6184.09,21242.0,163860.0,67
NJ,3.1,30.48,9.37,100.0,17.02,10.94,11.46,95.49,12,11,5547.47,26669.0,58041.0,31
WI,2.57,24.24,13.58,0.0,7.95,3.6,9.24,97.86,0,0,4941.99,28892.0,10227.0,55
CT,2.72,34.04,8.78,100.0,27.51,10.73,15.22,91.74,701,26,12328.9,22140.0,139739.0,3
PA,2.42,21.93,15.31,75.55,3.52,2.32,9.97,95.38,0,0,2746.83,37161.0,13142.0,11
CT,3.08,25.18,10.18,82.66,2.23,3.53,6.59,97.09,0,0,2195.73,58250.0,25684.0,9
MI,2.19,21.75,12.82,100.0,2.3,3.02,11.05,93.4,0,0,3254.28,57573.0,19997.0,125
PA,2.87,24.44,8.11,86.68,7.54,2.54,8.04,97.33,0,0,1671.48,38527.0,12942.0,71
CA,2.77,31.06,15.31,0.0,15.23,7.16,12.16,70.5,0,6,5920.63,21603.0,58362.0,71
MI,2.75,28.76,10.45,100.0,14.22,11.35,14.45,93.64,0,0,6345.87,26615.0,20051.0,125
CT,2.52,27.7,14.74,100.0,12.09,7.77,11.36,91.44,98,7,7883.27,30533.0,108961.0,9
NJ,2.55,24.17,14.51,100.0,2.34,3.65,8.15,96.03,0,0,2056.58,46866.0,,3
WI,2.98,25.18,8.0,75.48,3.51,4.44,6.63,97.34,0,0,1818.82,43244.0,20999.0,101
CT,2.82,24.64,12.2,85.96,3.08,5.12,7.81,96.44,0,0,3093.72,45763.0,20456.0,5
NJ,2.75,22.82,12.68,78.96,2.09,4.45,8.01,93.26,0,0,2105.66,,20244.0,25
OH,2.83,23.89,8.8,100.0,2.87,3.86,8.25,97.43,0,0,2838.22,42095.0,47358.0,85
NJ,2.7,27.19,12.33,100.0,11.53,6.41,12.19,94.98,45,0,5306.58,31266.0,25992.0,11
MA,3.02,24.52,6.04,87.34,0.64,5.24,5.98,97.08,0,0,820.9,58018.0,12926.0,17
PA,2.71,23.76,9.42,90.84,2.06,2.13,7.68,95.51,0,0,2295.86,44250.0,20384.0,41
ND,2.47,29.41,12.29,0.0,14.25,5.63,9.2,92.85,30,0,4099.33,23727.0,34544.0,101
NJ,2.56,27.85,13.26,100.0,5.73,5.46,10.43,93.67,23,39,4658.94,39667.0,11632.0,35
MN,2.63,27.68,13.34,0.0,18.15,5.23,8.35,95.6,0,0,5200.58,22279.0,17531.0,67
NJ,2.79,26.53,9.78,100.0,3.46,4.46,7.29,96.77,110,0,3498.99,50075.0,88680.0,23
NJ,3.22,22.82,14.88,100.0,3.04,3.68,4.56,98.53,19,0,13627.73,58995.0,25067.0,3
MA,3.02,21.58,6.02,90.35,1.53,2.65,5.93,97.68,0,0,1464.56,79092.0,14358.0,17
ME,2.71,31.64,11.71,0.0,7.74,3.88,9.52,94.07,14,0,2204.52,30896.0,,5
ME,2.56,29.7,11.9,0.0,12.61,6.26,10.13,93.49,1,2,3355.91,23053.0,10550.0,3
MN,2.92,25.01,3.55,100.0,1.99,3.03,6.64,94.52,0,0,1656.52,,11732.0,19
RI,2.42,25.88,17.02,100.0,6.46,6.12,9.11,93.8,0,0,2640.32,32321.0,32090.0,7
PA,2.54,33.27,14.64,0.0,9.85,3.54,10.01,94.32,62,0,3367.18,26151.0,18419.0,41
PA,2.71,28.9,8.31,100.0,5.32,4.97,10.25,92.3,0,0,4598.1,38488.0,,17
NJ,3.06,24.68,11.57,100.0,2.79,4.53,6.04,98.27,0,0,4846.13,51198.0,20489.0,23
PA,2.35,22.6,22.02,100.0,12.18,7.49,7.98,92.6,0,0,2199.63,,12267.0,79
MN,2.07,33.92,12.69,100.0,6.89,2.2,13.55,93.01,0,0,2869.55,29584.0,16534.0,53
NJ,2.69,25.31,15.55,100.0,6.76,5.74,6.87,96.49,4,0,1744.69,,13692.0,23
NJ,3.43,23.54,7.01,84.18,2.77,3.89,4.05,95.95,98,0,1674.13,70039.0,27974.0,25
NY,2.43,27.31,13.74,100.0,14.71,6.99,12.33,90.56,37,0,6333.16,27606.0,28844.0,27
RI,2.67,22.9,11.12,78.15,4.34,5.48,8.04,87.26,0,0,1176.33,42474.0,,5
MA,2.79,36.43,11.54,100.0,6.51,6.05,7.99,95.42,74,3,3165.73,38514.0,57878.0,17
CT,2.8,24.95,11.01,87.72,2.8,3.83,7.33,96.6,0,0,2831.8,47106.0,38518.0,3
CT,2.48,26.95,14.21,100.0,5.41,5.28,12.02,95.62,199,0,4329.75,36584.0,50452.0,3
NJ,2.8,24.59,7.48,100.0,1.49,3.47,8.01,94.9,0,0,3101.3,51988.0,12361.0,25
MN,2.73,26.25,9.27,100.0,3.86,3.39,8.96,95.77,0,0,4721.26,38785.0,24288.0,123
WI,2.61,29.77,11.04,100.0,22.22,8.88,13.25,94.62,512,54,7218.05,23627.0,628088.0,79
MI,2.75,25.59,11.95,82.38,12.29,9.63,10.88,96.8,0,0,5546.37,25058.0,15302.0,121
NH,2.98,27.04,4.42,8.5,2.3,5.03,7.9,93.99,0,0,1246.15,52798.0,22156.0,11
VA,2.59,25.4,15.22,0.0,11.66,3.58,13.06,94.29,30,0,3021.12,25366.0,24461.0,790
MN,2.53,27.37,9.2,100.0,7.85,3.5,8.83,96.38,60,4,4248.06,34922.0,70745.0,109
NJ,3.01,27.32,8.5,84.29,1.59,3.28,6.64,94.63,9,0,3009.44,58756.0,24710.0,25
MI,2.5,25.18,11.7,100.0,3.73,4.14,10.77,98.18,0,0,2657.46,,13874.0,125
WI,2.45,24.08,15.82,0.0,12.25,7.55,10.19,91.74,12,0,4019.73,,11843.0,75
MI,3.5,62.28,6.06,0.0,38.74,8.22,5.65,94.2,11,0,4205.39,,23285.0,73
NJ,2.51,27.33,15.84,100.0,8.72,7.65,7.63,91.31,0,0,2776.99,32846.0,10733.0,3
NJ,2.74,25.06,6.07,85.61,2.94,3.5,8.25,94.44,0,0,2508.28,54305.0,25792.0,23
NJ,2.88,28.69,11.57,100.0,18.05,10.86,14.92,91.56,367,8,7289.2,25719.0,88675.0,21
WI,2.73,23.65,10.39,100.0,2.82,3.27,6.59,97.75,0,0,2873.38,42315.0,26840.0,133
MN,2.47,23.78,15.72,0.0,13.12,9.67,10.72,96.09,26,0,4414.54,22405.0,10885.0,17
SD,3.06,54.39,6.54,0.0,30.65,6.8,5.96,95.54,0,0,2639.86,16478.0,10034.0,27
MA,2.8,25.78,12.8,38.69,4.32,7.45,7.69,84.2,0,0,1657.42,,13852.0,5
OH,2.43,26.28,10.34,100.0,3.98,4.39,12.37,97.39,0,0,3151.23,34835.0,13882.0,113
MA,2.4,25.44,13.81,100.0,8.34,5.2,11.87,94.89,8,0,7265.59,32194.0,27537.0,13
DC,2.43,29.83,11.53,100.0,16.87,7.03,15.03,89.64,4682,131,9252.35,30727.0,606900.0,1
ND,2.55,26.81,10.06,100.0,9.65,4.41,8.79,96.39,49,2,4210.9,,49256.0,15
NJ,2.95,21.89,10.76,19.48,1.81,2.15,5.73,96.39,0,0,7085.89,65522.0,11590.0,21
NJ,2.63,24.54,14.22,100.0,6.42,5.36,9.58,96.34,0,3,3873.63,40776.0,,39
NJ,2.27,22.64,18.06,100.0,9.71,6.12,13.32,91.61,0,6,6696.6,36879.0,10636.0,25
NJ,2.81,22.54,11.82,93.79,3.0,2.75,6.55,96.06,49,0,1437,74124.0,,27
MI,2.95,25.55,8.19,74.45,4.24,5.93,7.93,97.8,0,0,1905.14,40982.0,23748.0,115
MA,2.57,27.99,11.6,100.0,7.18,7.11,9.96,95.5,13,0,4390.35,35974.0,38145.0,27
NJ,2.83,19.12,14.11,100.0,1.54,2.24,4.9,97.17,0,0,1507.45,65976.0,10883.0,3
MA,2.35,29.53,14.95,100.0,5.64,4.59,7.28,96.22,0,0,4533.66,43490.0,33284.0,17
NJ,2.8,27.85,11.8,100.0,8.11,6.58,10.84,94.7,0,0,4520.89,40327.0,10742.0,25
CT,2.84,19.99,11.89,100.0,1.91,3.31,5.78,96.18,10,0,3789.93,89395.0,18196.0,1
MN,3.04,30.07,2.99,99.14,5.23,4.52,10.35,97.34,0,1,5662.74,40404.0,38975.0,3
NJ,2.8,27.21,11.3,90.14,4.95,4.56,11.02,95.31,53,0,4950.18,39618.0,12454.0,5
OH,2.9,20.02,15.08,0.0,4.97,3.91,8.94,95.61,0,0,3616.85,38725.0,10793.0,43
NJ,2.44,26.67,16.27,100.0,7.41,6.34,9.37,95.53,0,0,2840.48,31649.0,26727.0,3
MA,2.46,28.76,13.53,100.0,7.55,7.65,9.14,94.42,128,4,3202.46,34344.0,53884.0,17
NJ,2.82,27.12,11.26,95.86,5.22,5.09,9.68,96.42,0,0,5637.86,38250.0,24137.0,
NJ,1.94,10.55,52.77,87.73,4.63,6.7,4.62,89.04,0,0,879.92,22649.0,35976.0,29
MI,2.89,28.58,8.5,100.0,3.55,5.05,7.22,96.5,30,0,3595.71,46470.0,117810.0,99
MI,2.58,21.22,18.76,100.0,3.26,5.48,8.05,98.34,0,1,3432.7,39925.0,31092.0,163
PA,2.9,21.98,9.69,100.0,2.54,3.23,5.64,97.27,0,0,1250.55,45538.0,15568.0,3
PA,2.34,22.54,21.77,0.0,13.48,6.05,8.93,93.22,0,0,2388.28,,24730.0,79
OH,2.48,28.52,13.32,100.0,20.48,9.01,14.13,93.31,123,19,6405.25,22279.0,,153
NJ,2.43,24.3,17.37,100.0,8.79,5.88,8.96,95.62,0,5,2789.45,31954.0,61444.0,17
MA,2.57,26.65,13.46,100.0,15.91,9.34,12.04,91.01,202,164,7210.03,28553.0,81245.0,9
MA,3.0,22.73,11.34,78.87,3.26,3.96,8.81,96.21,0,0,1333.11,69917.0,17076.0,17
NJ,2.78,25.74,12.38,100.0,3.04,4.85,8.18,97.03,43,0,3967.5,,93086.0,23
NJ,2.65,21.98,18.35,100.0,1.81,4.08,5.6,97.96,0,0,2072.09,50095.0,,39
MI,2.8,25.11,11.79,100.0,10.85,6.17,11.45,95.95,0,0,6318.29,36090.0,30462.0,125
NJ,2.89,26.94,7.59,100.0,3.18,5.16,8.46,95.71,13,0,3309.77,50448.0,,25
MA,2.76,20.23,14.14,100.0,2.63,3.48,6.43,96.99,8,0,1248.38,,,17
CT,2.45,25.53,12.44,97.42,3.96,4.76,10.45,95.13,10,0,2940.5,38432.0,17392.0,3
PA,2.72,27.2,8.54,86.13,6.2,4.14,8.08,91.85,0,0,1843.04,42016.0,,3
MA,2.59,29.89,10.57,100.0,5.96,6.42,9.62,95.12,92,0,3076.53,42948.0,64989.0,17
NH,2.51,24.07,13.08,0.0,5.2,5.77,10.47,93.06,0,0,1791.94,36121.0,12481.0,15
OH,2.35,23.61,18.44,0.0,27.97,11.52,14.53,89.86,0,0,7933.86,15732.0,22676.0,145
NJ,2.62,24.63,15.13,100.0,12.38,8.18,12.06,95.85,0,0,5458.31,28993.0,10904.0,15
NY,2.81,26.41,11.84,100.0,11.46,7.29,10.45,93.69,48,0,2302.85,32633.0,13243.0,27
OH,2.44,26.67,12.26,100.0,13.19,6.82,15.71,94.43,70,0,5753.31,22191.0,23674.0,61
MA,2.63,29.49,15.05,100.0,6.93,5.8,6.86,96.38,21,0,3115.73,38859.0,57407.0,17
OH,2.75,26.41,11.77,100.0,5.26,2.61,7.05,95.83,0,0,4202.93,48125.0,13088.0,49
MN,2.43,23.12,17.39,0.0,15.21,7.87,8.88,91.1,27,0,1570.48,22378.0,18046.0,
MA,3.07,31.62,7.28,16.62,5.5,5.01,8.96,95.65,0,0,1935.36,43861.0,,5
MN,2.6,29.83,7.26,100.0,6.08,4.93,11.19,95.54,0,0,6981.84,36855.0,28335.0,3
ME,2.64,24.13,9.51,31.71,2.62,4.54,9.55,87.96,0,0,3436.53,40718.0,12518.0,5
MI,2.95,31.86,12.21,0.0,20.65,8.37,12.15,95.37,41,2,4933.64,24788.0,22097.0,91
MI,2.52,24.19,16.49,100.0,10.78,6.24,9.3,95.97,14,12,7928.05,34909.0,,163
PA,2.45,23.62,15.82,0.0,18.26,7.84,11.83,89.47,0,0,3998.65,20411.0,11949.0,121
MI,2.68,26.43,11.75,100.0,5.38,5.67,10.75,96.97,0,0,4250.51,36644.0,13899.0,99
OH,2.67,23.28,12.94,100.0,5.37,5.36,7.76,97.7,0,0,3737.89,36979.0,14870.0,153
FL,2.62,28.77,9.76,98.8,12.81,5.2,14.64,90.37,665,155,8316.74,28513.0,672971.0,31
PA,2.63,22.19,13.56,86.8,2.61,2.61,7.73,96.56,0,0,1050.88,,18899.0,11
MA,2.68,30.45,13.47,100.0,14.0,9.19,10.75,92.19,19,24,5291.66,27101.0,41194.0,27
MA,2.89,27.4,10.81,75.15,2.84,4.45,7.07,95.41,0,0,2158.42,51692.0,,9
NJ,2.88,26.18,14.07,100.0,8.35,6.58,7.78,96.92,0,0,3479.12,40268.0,19025.0,23
PA,2.54,26.88,15.18,100.0,10.77,5.25,12.52,94.79,87,0,4102.48,23534.0,10701.0,71
OH,2.52,23.11,16.04,0.0,12.36,5.64,11.04,95.0,0,0,2957.71,25322.0,,29
PA,3.19,26.82,6.26,98.05,1.55,2.76,4.66,96.68,0,0,699.77,59285.0,35406.0,17
MI,2.96,32.03,7.27,100.0,58.0,28.94,18.77,90.46,12,0,12994.95,8866.0,12818.0,21
MI,2.56,28.1,12.18,100.0,22.12,10.79,15.01,93.81,3,0,5730.04,21522.0,33694.0,147
WI,2.67,28.01,11.98,100.0,17.55,8.36,13.15,94.83,12,0,5698.58,25859.0,,105
CT,2.49,27.53,13.99,100.0,11.88,7.15,12.71,91.17,13,10,3993.92,29354.0,37391.0,11
NJ,2.77,30.31,10.02,100.0,18.88,10.83,11.36,90.8,466,267,6265.54,29054.0,228537.0,17
WI,2.52,25.65,14.9,100.0,9.31,5.25,9.31,95.7,16,0,5494.94,27647.0,49676.0,117
WI,2.65,26.95,11.63,100.0,15.86,7.63,12.6,95.81,17,5,6709.88,26540.0,84298.0,101
PA,2.94,23.22,9.2,97.38,1.28,2.09,6.39,95.07,0,0,1644.5,56543.0,12197.0,91
ND,2.51,25.06,14.53,0.0,11.72,3.94,9.93,92.03,2,1,2617.09,22146.0,15571.0,93
PA,3.19,28.02,10.93,92.12,2.22,2.34,7.99,93.68,18,0,1328.27,52212.0,14510.0,17
MA,2.78,26.11,9.7,81.15,4.5,4.97,8.85,96.07,0,0,1247.1,45405.0,14637.0,21
MI,2.5,27.84,12.62,100.0,42.36,31.23,22.23,87.68,15,0,9427.69,,20121.0,163
OH,2.77,17.83,13.38,100.0,2.26,3.78,7.65,96.78,0,0,905.48,,11818.0,35
MA,2.82,20.61,13.98,50.04,3.5,4.0,5.49,96.61,0,0,2743.32,50275.0,,13
OH,3.02,27.24,6.59,100.0,4.1,4.15,8.06,97.91,0,0,1390,41095.0,21564.0,93
MI,2.46,23.68,14.37,98.26,5.58,5.76,8.6,96.74,7,0,4080.37,36289.0,37684.0,145
CT,2.83,23.81,12.39,87.84,2.43,4.59,8.93,96.14,218,0,2574.6,50228.0,27817.0,3
MA,2.85,25.83,7.73,0.0,3.63,6.62,8.53,85.13,37,1,2166.22,48986.0,21531.0,23
NJ,3.15,25.13,5.24,0.0,2.93,4.96,6.42,78.53,1,0,2118.64,50987.0,21211.0,37
OH,2.47,26.24,13.32,0.0,15.4,8.71,14.45,89.89,36,0,6771.38,22532.0,29764.0,
NY,2.34,28.54,16.71,100.0,19.98,8.21,12.76,91.84,80,4,5870.71,20891.0,53008.0,7
NJ,3.07,25.46,10.27,100.0,2.61,5.12,6.27,97.94,33,0,1317.85,50684.0,21976.0,25
PA,2.45,21.79,18.97,100.0,9.99,7.39,8.02,96.88,0,0,4317.93,26867.0,23644.0,3
PA,2.24,22.46,21.24,100.0,26.94,14.17,11.54,85.47,59,0,4129.66,,28134.0,21
PA,2.65,20.52,21.11,98.21,9.05,6.44,7.27,94.56,0,0,3319.91,25344.0,10988.0,79
MI,2.45,25.6,11.76,96.9,9.98,7.05,12.89,95.19,0,0,7307.04,31394.0,34081.0,49
MI,2.57,24.58,12.85,100.0,3.72,5.12,9.87,98.25,0,0,2173.78,36693.0,16960.0,125
NJ,2.3,23.37,19.66,100.0,6.64,3.35,10.72,65.92,0,0,5919.23,33120.0,11005.0,1
CT,2.76,20.95,8.97,8.87,2.97,3.69,8.46,92.48,0,0,2662.35,,19848.0,9
VA,2.09,30.47,9.02,100.0,7.09,3.5,14.47,91.46,381,2,6668.42,41472.0,111183.0,510
NJ,2.56,23.42,15.85,100.0,5.04,5.15,7.44,96.3,0,0,2508.71,43172.0,27099.0,13
PA,2.41,28.47,16.14,100.0,21.42,9.07,11.66,90.2,693,67,6896.95,20747.0,369879.0,3
CT,2.45,20.19,20.09,100.0,2.7,3.46,6.95,97.03,23,0,2675.23,43888.0,25651.0,3
PA,2.35,20.47,20.45,100.0,6.66,4.11,7.82,97.04,0,0,843.73,34183.0,14451.0,3
NJ,2.47,23.01,18.96,100.0,4.7,4.71,7.93,96.81,2,0,3085.26,39905.0,71742.0,31
MA,2.87,26.39,10.71,0.0,5.75,7.16,9.47,80.76,3,3,3195.61,39886.0,,23
RI,2.56,22.99,16.26,80.85,4.8,4.91,7.38,96.66,0,0,3771.56,37082.0,18045.0,7
NH,2.55,25.3,13.36,0.0,8.24,7.74,13.3,75.31,0,0,6194.98,29116.0,15743.0,1
MA,2.98,29.14,7.31,78.31,2.4,5.23,6.7,96.28,0,0,1032.44,,22095.0,21
PA,2.14,24.32,14.53,100.0,17.28,8.8,15.18,86.57,0,0,5575.77,22709.0,,3
MI,2.5,25.38,12.76,99.61,18.26,10.22,15.85,92.28,120,0,6241.16,25306.0,53540.0,25
PA,2.93,24.37,8.14,27.91,2.69,2.44,6.32,97.38,0,0,516.16,41338.0,11622.0,71
MA,3.08,23.77,6.55,50.52,1.12,5.41,5.82,96.13,0,0,1253.38,,16392.0,17
OH,2.46,26.17,9.09,100.0,10.28,9.34,18.43,94.37,0,1,4067.56,27893.0,15745.0,35
NJ,2.68,24.41,12.63,100.0,2.07,3.61,8.65,97.12,0,0,2242.31,48864.0,10539.0,31
PA,2.37,21.82,19.52,100.0,6.09,4.06,9.26,96.53,0,0,3644.04,30565.0,18867.0,77
MI,2.91,28.26,5.96,92.6,4.31,5.38,9.34,92.93,0,0,4012.32,42026.0,25905.0,99
PA,2.93,21.21,7.84,94.13,1.8,2.95,5.72,96.51,0,0,2014.66,69904.0,,17
NJ,2.88,24.76,9.09,98.37,1.62,2.64,6.03,96.04,35,0,2500.79,63533.0,32509.0,35
PA,2.92,36.41,11.79,100.0,5.31,3.49,5.65,92.92,0,0,1791.46,,28703.0,45
OH,2.62,28.82,15.25,0.0,19.29,11.58,12.58,93.01,26,0,9245.39,21040.0,,151
MA,2.8,23.24,9.68,82.86,2.93,4.05,6.24,95.62,0,0,2753.13,61070.0,29151.0,9
ME,2.88,27.62,8.96,0.0,3.82,4.35,10.87,86.94,0,1,3114.06,37245.0,13020.0,5
MI,2.54,28.17,10.81,100.0,10.66,6.29,14.59,96.58,0,0,6252.41,28964.0,25084.0,125
PA,2.48,27.59,13.06,0.0,5.78,2.28,10.17,96.97,0,0,2599.75,30907.0,12133.0,71
MI,2.96,37.39,10.88,0.0,25.36,12.35,10.75,92.97,0,0,4827.86,20078.0,10066.0,25
WI,2.76,27.38,7.57,100.0,2.19,3.79,8.1,97.49,0,0,4467.18,39995.0,19513.0,79
WI,2.16,23.8,15.0,100.0,6.31,2.78,10.48,97.6,0,0,4152.3,34417.0,14116.0,79
NY,2.82,31.07,12.24,97.26,12.06,5.86,10.18,94.56,3,0,1929.7,24234.0,44350.0,65
NY,2.7,22.61,12.67,100.0,4.1,4.37,7.39,95.83,527,0,3284.96,58947.0,83816.0,119
MN,2.32,18.37,17.95,100.0,3.21,3.0,7.89,94.65,0,0,3814.37,48936.0,46070.0,53
NJ,2.62,28.55,9.4,99.63,5.25,3.88,10.44,96.98,7,0,3110.08,38410.0,19380.0,15
MA,2.52,26.25,14.78,0.0,10.98,9.36,11.66,92.2,3,0,2739.59,28035.0,20125.0,27
MN,2.88,28.46,5.05,100.0,7.23,4.46,10.02,95.75,0,0,3881.77,39378.0,22477.0,37
CT,2.77,25.42,7.53,0.0,3.16,4.23,8.2,93.32,0,0,2238.08,46426.0,10063.0,13
MA,2.41,29.41,13.69,100.0,11.7,7.28,10.7,92.1,77,3,5660.33,32645.0,,9
NJ,3.15,22.53,12.07,88.24,2.61,4.36,3.64,94.03,3,0,1595.59,58028.0,26716.0,25
RI,2.56,34.42,10.13,0.0,13.03,5.3,8.27,71.2,0,0,2913.4,35545.0,14985.0,9
PA,2.71,27.4,13.97,100.0,18.19,6.87,12.89,92.87,60,0,4301.26,24887.0,11038.0,29
WI,2.45,36.13,3.55,96.54,5.34,1.9,10.94,95.72,0,0,2741.56,35550.0,,25
PA,2.92,25.13,10.2,91.19,6.69,3.05,11.61,96.34,0,0,4179.64,41129.0,11997.0,29
MA,2.71,27.09,11.67,0.0,4.45,6.78,8.98,95.35,23,0,969,38180.0,25355.0,27
CT,2.54,33.76,10.8,100.0,7.02,4.43,10.83,92.92,96,0,4878.56,37644.0,42762.0,7
NJ,2.64,28.31,8.18,100.0,2.13,3.11,8.44,96.88,0,0,2640.19,,48478.0,27
NH,2.48,25.57,15.03,0.0,13.05,7.32,11.89,90.08,6,0,4121.06,25532.0,13902.0,19
NJ,3.07,29.29,8.68,100.0,12.22,8.65,12.79,94.29,4,16,6603,38463.0,46567.0,39
MA,2.79,21.36,12.82,6.59,4.8,4.36,7.83,76.8,0,0,2179.74,43500.0,15489.0,1
CT,2.66,38.5,11.11,100.0,15.15,7.97,13.11,89.49,30,1,6471.57,,28540.0,11
MI,2.32,24.65,18.68,100.0,28.5,16.36,14.18,90.89,0,0,11179.49,16751.0,18372.0,163
NJ,2.91,23.28,6.41,46.82,1.68,3.85,6.0,94.93,3,0,1649.15,67833.0,10888.0,35
NH,4.94,65.98,5.31,78.16,19.5,7.83,2.9,95.37,0,0,2068.5,42477.0,11818.0,17
MA,2.86,20.79,15.13,82.06,2.98,4.41,5.92,97.37,0,0,27119.76,41372.0,,13
NJ,2.76,24.73,12.93,100.0,2.89,3.79,7.85,96.18,0,0,2590.64,47643.0,13055.0,23
PA,2.34,24.26,18.04,100.0,5.74,4.62,9.7,96.69,5,0,1602.81,27698.0,10823.0,3
NJ,2.63,30.57,7.53,92.68,3.52,3.98,7.91,93.81,1,0,2086.23,56468.0,17905.0,3
NJ,3.0,25.11,11.06,100.0,1.37,3.62,5.42,97.63,0,0,2322.61,54935.0,12844.0,27
NJ,2.7,24.24,7.77,100.0,3.6,2.43,8.77,91.94,0,0,4821.63,51679.0,,7
ME,2.41,25.44,14.99,0.0,12.78,5.38,13.73,92.52,0,0,6135.65,25790.0,21325.0,11
CT,3.06,22.6,8.03,0.17,2.5,4.61,7.09,94.5,0,0,1858.44,60830.0,,1
MI,2.84,26.8,9.29,100.0,4.27,5.9,9.85,98.58,0,0,3839.37,38717.0,31846.0,163
CT,2.84,25.07,8.04,85.14,2.65,5.14,8.13,96.5,0,0,1173.76,,17541.0,1
OH,2.63,25.45,10.1,100.0,3.73,4.63,8.62,95.66,0,0,4285.71,36901.0,15561.0,95
WI,2.58,25.84,13.83,0.0,9.57,5.06,9.53,96.45,5,0,6667.17,26826.0,37757.0,39
MI,2.84,21.73,8.87,100.0,1.81,3.49,6.49,94.35,0,0,2036.85,68654.0,54516.0,125
NJ,2.82,20.7,14.18,100.0,3.29,2.69,5.78,96.45,0,0,1849.22,68742.0,13326.0,3
CT,2.61,21.64,17.06,81.15,4.13,4.72,9.49,96.59,0,0,4101.51,47853.0,19483.0,3
CO,2.54,29.0,8.28,99.67,11.05,6.73,13.53,89.08,273,24,5965.75,28539.0,286215.0,41
NJ,2.92,28.57,9.89,100.0,9.38,11.03,10.97,90.57,122,1,1914.77,31769.0,,25
MA,2.83,22.83,14.74,97.08,2.28,5.03,4.61,97.65,0,0,1469,58559.0,12557.0,21
MI,2.68,23.98,9.26,100.0,1.44,3.91,7.61,95.7,0,0,1885.01,53768.0,,163
MN,2.69,30.06,5.98,0.0,6.86,4.02,11.73,94.1,0,0,3244.99,34235.0,,19
PA,2.57,24.77,21.03,100.0,10.84,4.21,6.89,95.07,0,0,2354.84,25927.0,15403.0,69
MI,2.67,29.15,11.36,100.0,26.86,15.73,17.37,91.42,0,0,4033.79,18956.0,12180.0,163
IA,2.68,26.93,13.79,100.0,10.9,5.01,7.63,95.8,79,84,4355.15,27027.0,57546.0,61
MA,2.67,28.83,11.5,100.0,5.1,5.7,8.19,95.6,0,0,4634.69,42679.0,35943.0,17
CT,2.58,21.68,16.41,92.25,3.36,4.4,8.64,94.55,22,0,4711.48,44167.0,17930.0,11
RI,2.55,26.23,14.94,0.0,6.56,7.34,9.05,80.51,12,0,1467.72,34844.0,21605.0,9
NJ,2.19,23.97,20.07,100.0,6.59,4.64,11.68,37.47,0,0,10404.66,32018.0,15512.0,
PA,2.39,22.81,17.5,100.0,4.23,4.85,8.25,95.98,0,0,2885.09,33410.0,11157.0,77
MN,2.69,30.82,9.56,100.0,8.48,5.6,12.5,94.04,21,0,5141.6,31289.0,17192.0,3
CT,2.7,27.14,11.0,100.0,4.22,5.21,9.07,94.97,9,0,2676.96,39902.0,30625.0,9
NJ,3.12,29.09,5.9,0.0,7.05,5.5,11.38,95.5,13,0,2802.19,35460.0,,5
NJ,2.66,30.53,15.21,100.0,2.83,3.97,8.07,95.02,0,9,4460.37,44970.0,11294.0,31
MN,2.67,25.91,12.7,0.0,8.42,4.26,10.56,96.59,0,0,5703.84,24604.0,17085.0,131
OH,2.72,26.85,12.28,100.0,19.85,9.32,12.9,95.11,20,5,2754.42,24123.0,71245.0,93
OH,2.51,27.64,13.49,100.0,17.83,8.76,14.12,92.19,30,0,7681.65,22591.0,50627.0,139
MI,2.97,28.09,7.21,23.29,4.48,6.95,8.98,96.75,0,0,3046.68,41806.0,10447.0,163
NJ,2.64,28.23,12.39,100.0,16.4,8.59,13.27,91.29,0,2,5284.79,26361.0,38125.0,17
NJ,2.61,23.94,18.06,100.0,3.11,5.05,7.63,97.36,0,0,4552.31,38248.0,17623.0,3
PA,2.66,21.97,13.2,0.0,3.86,4.77,8.48,81.3,0,0,5445.77,39690.0,,89
SD,2.53,29.2,10.29,100.0,8.61,3.0,10.68,95.76,107,18,4012.32,27123.0,99405.0,99
VA,2.92,27.6,7.8,96.41,8.97,4.23,10.87,93.22,5,0,3922.8,35737.0,151976.0,550
CT,2.52,25.68,13.14,97.32,2.94,2.38,11.23,92.54,8,0,3325.09,48125.0,,3
ME,2.54,26.84,12.05,0.0,6.07,5.98,10.09,87.58,0,0,3987.53,32655.0,15181.0,31
OH,2.72,20.29,20.31,100.0,1.93,4.43,3.77,98.97,0,0,983.96,42240.0,12339.0,35
MA,3.04,24.53,12.67,91.49,3.6,3.62,4.98,95.5,0,0,1134.97,95134.0,10200.0,17
MI,2.7,25.34,11.73,58.34,7.62,7.56,11.49,95.99,0,0,2223.07,28745.0,12828.0,21
NJ,2.61,21.28,18.55,0.0,7.72,6.23,8.79,61.64,0,0,2973.54,31689.0,13325.0,29
MA,2.95,24.35,8.02,85.99,2.09,5.44,6.57,97.34,0,0,1591.51,52707.0,12002.0,17
VA,2.68,28.08,12.82,100.0,17.74,7.33,14.52,91.62,3,16,7757.52,,103907.0,740
MA,2.71,25.15,13.66,78.9,4.0,4.75,7.36,96.75,0,0,2612.65,36247.0,18820.0,13
NJ,2.88,25.52,5.79,79.35,2.64,3.32,6.83,95.69,0,0,1822.05,64403.0,19974.0,27
WI,2.87,23.28,7.87,100.0,1.7,2.54,5.74,96.64,0,0,2225.17,49394.0,33592.0,133
MA,2.6,24.26,12.62,91.9,3.76,4.95,7.96,92.51,0,0,2857.94,44248.0,24146.0,27
MA,2.96,28.13,14.33,70.76,5.74,7.85,6.77,92.0,0,0,4945.8,35138.0,27244.0,5
CT,2.75,21.03,11.85,62.82,2.54,2.77,6.62,94.84,0,0,1637.81,91951.0,17864.0,1
NJ,2.52,26.17,12.69,100.0,7.7,5.45,8.11,95.5,0,0,1888.03,,14536.0,3
NJ,2.08,34.4,2.69,0.0,1.54,3.39,10.93,88.02,0,0,2512.49,46915.0,14213.0,23
MI,2.66,28.5,10.71,100.0,31.72,17.82,15.25,93.54,38,1,7746.48,17736.0,,145
MA,2.81,26.38,12.47,90.55,2.39,5.0,6.19,97.29,0,0,2135.59,,18530.0,21
OH,2.81,20.6,14.26,81.17,4.05,4.29,4.51,98.19,0,0,1044.06,36132.0,13993.0,99
MI,2.93,30.08,4.99,87.06,10.85,7.37,11.88,95.16,9,0,4045.94,38186.0,18811.0,163
NJ,2.45,29.24,11.29,100.0,9.56,8.2,10.6,90.54,24,0,5690.74,34716.0,12385.0,17
NH,2.57,28.51,9.14,100.0,6.53,6.03,10.67,93.01,26,2,3252.32,40505.0,79662.0,11
NY,2.43,26.66,14.7,0.0,9.95,6.87,13.39,93.56,0,0,3111.59,28428.0,10725.0,69
IN,2.5,28.49,10.34,100.0,12.47,5.58,14.63,91.3,563,137,7349.19,29083.0,741952.0,97
PA,2.38,23.42,20.6,0.0,10.64,9.13,11.83,94.44,0,0,1539.17,20423.0,10976.0,37
MN,2.63,26.96,11.82,0.0,6.06,3.28,6.76,97.41,0,0,2982.14,30870.0,19386.0,147
CT,2.86,24.16,7.48,73.4,2.36,4.14,7.16,92.25,5,0,2450.09,60054.0,14113.0,1
NJ,2.44,26.78,13.98,100.0,23.33,11.82,17.13,89.33,27,1,7331.38,20754.0,16799.0,25
MA,2.72,26.13,13.47,0.0,6.7,6.19,9.29,65.54,0,0,4221.22,34159.0,16064.0,1
CT,2.6,19.39,11.82,57.52,1.5,2.09,6.63,93.99,0,0,1791.99,66602.0,13937.0,3
MA,2.54,25.56,11.7,98.16,3.15,4.73,7.79,94.97,0,0,2045.4,49229.0,30510.0,17
OH,2.53,27.3,12.69,100.0,28.67,14.0,16.49,89.07,589,105,6534.58,17822.0,505616.0,35
MN,2.74,29.5,4.89,100.0,5.8,2.93,10.56,96.58,0,0,3034.53,41049.0,18374.0,163
WI,2.68,36.28,11.34,100.0,18.82,5.91,8.24,96.46,9,4,4906.1,24535.0,55180.0,35
WI,2.87,32.94,10.01,100.0,7.33,3.34,6.76,97.24,0,0,3084.93,34544.0,16569.0,9
MA,2.96,19.86,8.8,72.48,3.91,4.59,5.14,98.0,0,0,788.39,61692.0,15517.0,21
WI,2.36,25.52,15.88,100.0,5.25,4.01,10.69,97.44,0,0,4516.38,29622.0,63221.0,79
OH,2.86,28.4,5.57,100.0,4.33,4.59,10.34,94.43,0,0,3732.99,37900.0,38686.0,113
VA,2.9,32.58,5.44,99.1,5.86,3.86,10.69,92.2,297,0,4465.56,36271.0,393069.0,810
CT,2.73,25.53,11.99,72.92,3.07,3.73,8.3,95.02,0,0,2408.84,41325.0,11822.0,5
NJ,2.91,24.63,7.43,0.09,1.49,2.68,5.74,96.3,12,0,1173.9,62548.0,13400.0,19
OH,2.27,27.57,11.01,100.0,6.78,5.8,15.09,93.34,0,0,3661.62,28873.0,12131.0,
NJ,2.59,23.23,15.8,100.0,2.2,5.73,6.99,97.06,0,0,1725.21,44600.0,15990.0,3
NH,2.53,27.37,11.9,0.0,6.73,6.21,13.51,90.6,45,2,4361.01,32733.0,36006.0,13
OH,2.51,25.96,13.15,100.0,15.44,7.84,14.53,94.72,24,0,5030.67,,,17
NJ,2.32,18.94,21.31,100.0,2.58,3.55,6.99,96.51,0,0,3617.46,48647.0,13420.0,39
NJ,2.83,22.49,12.63,100.0,2.52,3.16,6.68,95.13,0,0,4426.27,54432.0,69348.0,7
MA,2.64,27.96,12.63,100.0,8.33,8.8,10.31,92.94,0,0,3941.82,32315.0,49832.0,5
MN,2.43,24.79,14.08,100.0,8.54,5.95,11.22,97.38,0,0,6230.24,,18910.0,3
MA,2.98,25.03,10.3,98.63,2.54,4.78,6.53,96.51,0,0,1681.16,51242.0,20212.0,21
MI,2.9,24.95,8.38,58.58,4.86,5.07,6.35,97.33,0,0,2998.85,40330.0,10971.0,145
MA,2.8,26.91,11.89,100.0,6.1,7.67,8.08,97.52,0,0,2682.26,37775.0,11041.0,21
NH,2.39,23.46,17.59,0.0,10.97,8.72,8.64,91.27,1,0,1642.45,25040.0,11824.0,7
CT,2.49,26.35,13.99,95.6,3.87,3.7,10.89,95.58,24,0,5670.54,40290.0,51618.0,3
PA,2.44,24.25,15.22,95.01,5.2,4.19,8.6,95.63,5,0,4640.02,33214.0,22779.0,77
MA,2.43,20.16,13.07,100.0,3.34,3.37,9.15,94.15,19,0,1584,53333.0,19971.0,9
PA,2.68,23.49,14.24,100.0,1.79,2.03,7.1,95.67,0,0,2627.11,47026.0,,91
NH,2.64,28.51,8.91,0.0,5.07,5.43,11.67,93.11,0,0,2827.89,38792.0,11795.0,11
NH,2.42,32.63,11.32,100.0,9.35,5.66,10.48,91.49,35,0,2913.24,31507.0,25042.0,17
MN,2.79,25.61,9.9,0.0,5.68,2.8,9.88,97.59,0,0,2793.99,39139.0,13882.0,163
PA,2.48,22.6,14.22,78.01,3.3,2.43,8.47,95.96,0,0,2377.37,37058.0,,133
NY,3.0,23.48,10.34,91.58,3.46,3.39,5.33,93.91,17,0,2323.73,59633.0,33467.0,119
NJ,2.71,23.2,14.35,100.0,7.79,5.76,11.34,88.2,47,0,6648.56,37911.0,28148.0,25
MI,2.66,31.24,6.03,83.54,7.15,6.34,12.94,93.55,0,0,4590.51,37987.0,21010.0,163
PA,2.75,20.64,14.32,100.0,2.96,2.0,7.12,95.28,0,0,1843.18,52780.0,,45
NY,2.46,24.38,15.46,0.0,16.78,8.14,11.91,93.67,0,0,4004.23,21339.0,16946.0,9
OH,2.44,21.46,13.09,100.0,3.45,3.94,10.31,94.57,0,0,3865.46,51128.0,30831.0,35
MI,2.63,27.35,12.63,100.0,6.19,7.54,11.04,97.56,0,0,6702.13,32337.0,51412.0,99
MA,2.8,25.77,14.26,100.0,4.69,5.41,6.87,97.03,0,0,3188.02,45687.0,23782.0,21
CT,2.53,27.32,12.33,100.0,4.35,5.25,9.84,95.87,14,3,3043.84,38261.0,60640.0,3
MA,3.09,27.76,8.84,63.57,3.89,7.25,7.89,97.11,0,0,2879.4,,11104.0,23
NH,3.1,25.3,3.82,0.0,2.15,5.13,7.69,94.76,0,0,2496.5,52882.0,19781.0,15
MI,3.75,67.8,3.93,100.0,33.77,7.57,4.22,93.73,28,0,1077.03,,50677.0,65
NJ,2.92,27.3,5.81,100.0,3.24,4.55,7.26,86.37,0,0,1674.21,48203.0,15586.0,37
CT,2.45,26.06,16.79,100.0,6.25,7.2,9.63,94.4,18,0,4180.84,35808.0,12199.0,9
MA,3.18,26.71,8.38,100.0,2.41,6.12,5.69,97.97,0,0,2950.98,,17651.0,17
MI,2.64,27.14,10.32,100.0,14.28,12.1,13.02,96.37,0,0,6366.7,29961.0,27617.0,
NJ,2.83,25.06,7.8,79.52,2.12,3.27,7.22,92.39,11,0,4655.98,56713.0,19572.0,27
PA,2.4,27.58,13.34,100.0,5.36,3.76,11.62,94.67,5,0,3080.55,31848.0,15066.0,29
NJ,2.55,22.31,13.46,0.0,5.84,3.58,7.35,93.32,0,0,1946.47,62288.0,13198.0,21
NJ,3.04,21.16,12.05,100.0,1.82,2.25,4.23,96.4,0,0,1042.91,75905.0,15372.0,3
NJ,2.69,23.33,15.85,0.0,4.36,7.85,8.23,68.97,0,0,3678.35,33961.0,13333.0,29
NJ,2.91,23.88,13.12,100.0,3.51,4.72,7.68,97.5,0,0,3385.32,56598.0,37825.0,3
NJ,2.77,25.34,16.32,0.0,6.16,4.66,8.59,95.7,0,0,3434.34,34450.0,12208.0,1
NJ,3.03,25.27,5.91,0.0,4.67,4.49,7.13,89.08,0,0,1748.67,52734.0,25430.0,31
MA,2.49,27.7,16.06,99.75,14.28,9.93,10.52,92.39,62,1,1623.79,22452.0,92703.0,5
NJ,2.71,26.72,8.78,60.02,4.58,4.51,12.26,90.52,0,0,5835.29,37594.0,24544.0,1
CT,2.54,27.72,13.39,100.0,6.06,5.45,10.93,93.85,64,0,5144.94,35723.0,,9
ND,2.56,24.03,12.99,0.0,14.46,5.88,9.2,84.38,0,0,3817.93,22407.0,13131.0,105
NJ,2.57,24.9,15.33,100.0,4.33,4.13,8.98,97.03,0,0,1992.98,37664.0,10567.0,35
